Date,DefiVolume
01/01/2020,606321461.2
02/01/2020,605896874.1
03/01/2020,600355438
04/01/2020,608456391.5
05/01/2020,610017054.2
06/01/2020,613387001.4
07/01/2020,627173749.1
08/01/2020,614928747.8
09/01/2020,638082065.5
10/01/2020,594825544.3
11/01/2020,593462462.3
12/01/2020,616424072.9
13/01/2020,599347835.4
14/01/2020,618744113.6
15/01/2020,655189344.2
16/01/2020,716118493.3
17/01/2020,695167223.3
18/01/2020,735045673.8
19/01/2020,722589561.3
20/01/2020,716760377.7
21/01/2020,690386271.4
22/01/2020,724678665.6
23/01/2020,721691996.8
24/01/2020,708978452.1
25/01/2020,700958697.8
26/01/2020,697385282
27/01/2020,704907727.8
28/01/2020,731903149.5
29/01/2020,763668505.8
30/01/2020,779520908.4
31/01/2020,781069748.4
01/02/2020,793497228
02/02/2020,807306195.2
03/02/2020,833406448.9
04/02/2020,825294233
05/02/2020,822050943.6
06/02/2020,857046903.6
07/02/2020,895036398.2
08/02/2020,926189017.6
09/02/2020,930128868.9
10/02/2020,930419684.3
11/02/2020,879516984.1
12/02/2020,915115310.9
13/02/2020,1000456564
14/02/2020,1025630552
15/02/2020,1056544664
16/02/2020,1071428791
17/02/2020,1020075576
18/02/2020,961544382.4
19/02/2020,1012189743
20/02/2020,986333253.8
21/02/2020,891846523.3
22/02/2020,920003819.4
23/02/2020,783214692.1
24/02/2020,950058413.3
25/02/2020,955786544.7
26/02/2020,925314930.3
27/02/2020,842815392.5
28/02/2020,834168245.8
29/02/2020,809447428.1
01/03/2020,831641839
02/03/2020,824696351.3
03/03/2020,816490857.8
04/03/2020,840775843.1
05/03/2020,817661853.9
06/03/2020,840295503.1
07/03/2020,853555271.1
08/03/2020,868687563.5
09/03/2020,819525614.9
10/03/2020,749340112.2
11/03/2020,751697183.6
12/03/2020,758218074.4
13/03/2020,553086189.6
14/03/2020,505618201.7
15/03/2020,509078082.8
16/03/2020,491326134.7
17/03/2020,416571073.3
18/03/2020,462693707.3
19/03/2020,456208920
20/03/2020,489200735.5
21/03/2020,551183503.6
22/03/2020,510121950.7
23/03/2020,504847203
24/03/2020,492409386.6
25/03/2020,537310118.6
26/03/2020,535570108.9
27/03/2020,541290892.8
28/03/2020,544430047.8
29/03/2020,530059913.4
30/03/2020,528445006.9
31/03/2020,541662040.6
01/04/2020,551286238.5
02/04/2020,556188253.7
03/04/2020,572426896.5
04/04/2020,601665750
05/04/2020,590318732.1
06/04/2020,593789396.8
07/04/2020,617901454
08/04/2020,668925824.3
09/04/2020,656012760.9
10/04/2020,658572664.6
11/04/2020,611499744.4
12/04/2020,616645470.2
13/04/2020,612530427.8
14/04/2020,605865177.5
15/04/2020,613413179.8
16/04/2020,729834848.3
17/04/2020,677462385.1
18/04/2020,688896223.8
19/04/2020,712377118.3
20/04/2020,775564652
21/04/2020,771567997.7
22/04/2020,774717045.3
23/04/2020,839495045.3
24/04/2020,820344292.9
25/04/2020,815788128.6
26/04/2020,854204238.8
27/04/2020,890079635
28/04/2020,882402627.3
29/04/2020,900110324.7
30/04/2020,969696960
01/05/2020,987445471.6
02/05/2020,1037467144
03/05/2020,1052587784
04/05/2020,1054128047
05/05/2020,1006977296
06/05/2020,1065522768
07/05/2020,1115383326
08/05/2020,1094279422
09/05/2020,1113285785
10/05/2020,1093776829
11/05/2020,1046450229
12/05/2020,1042563851
13/05/2020,1044364414
14/05/2020,1062569157
15/05/2020,1113515779
16/05/2020,1096054694
17/05/2020,1069003093
18/05/2020,1076606332
19/05/2020,1045887591
20/05/2020,1078463803
21/05/2020,1113877112
22/05/2020,1172310859
23/05/2020,1156839894
24/05/2020,1181776462
25/05/2020,1266380855
26/05/2020,1240402648
27/05/2020,1258392249
28/05/2020,1310331326
29/05/2020,1288999973
30/05/2020,1324905077
31/05/2020,1405034013
01/06/2020,1404877784
02/06/2020,1373994601
03/06/2020,1415524830
04/06/2020,1386966248
05/06/2020,1399931081
06/06/2020,1403246862
07/06/2020,1401581277
08/06/2020,1368721197
09/06/2020,1370831448
10/06/2020,1385121433
11/06/2020,1367016571
12/06/2020,1427732597
13/06/2020,1398246868
14/06/2020,1383635273
15/06/2020,1191355214
16/06/2020,1334364927
17/06/2020,1486699034
18/06/2020,1602808508
19/06/2020,1741954006
20/06/2020,1865195127
21/06/2020,2041530184
22/06/2020,2206215631
23/06/2020,2218330539
24/06/2020,2305862215
25/06/2020,2336140873
26/06/2020,2380245192
27/06/2020,2411807604
28/06/2020,2417461554
29/06/2020,2411814662
30/06/2020,2442191914
01/07/2020,2401072012
02/07/2020,2511054556
03/07/2020,2833914636
04/07/2020,2968249814
05/07/2020,3023992115
06/07/2020,3059869559
07/07/2020,3224664633
08/07/2020,3196996496
09/07/2020,3403847844
10/07/2020,3470322104
11/07/2020,3491976539
12/07/2020,3564214361
13/07/2020,3615500621
14/07/2020,3637070366
15/07/2020,3604196462
16/07/2020,3648201815
17/07/2020,3649101480
18/07/2020,3749777027
19/07/2020,3712295471
20/07/2020,3884972029
21/07/2020,3923913094
22/07/2020,4038144671
23/07/2020,4193343282
24/07/2020,4390363441
25/07/2020,4513670400
26/07/2020,4477351188
27/07/2020,4748992400
28/07/2020,4862493467
29/07/2020,4948232781
30/07/2020,5013614159
31/07/2020,4954504847
01/08/2020,5005647077
02/08/2020,5235138715
03/08/2020,5165995159
04/08/2020,5361270635
05/08/2020,5423632499
06/08/2020,5626743101
07/08/2020,5579723403
08/08/2020,5625754099
09/08/2020,5718796366
10/08/2020,5794686018
11/08/2020,5910136731
12/08/2020,5921452454
13/08/2020,6000021837
14/08/2020,6224063580
15/08/2020,6699859395
16/08/2020,7069339430
17/08/2020,7163812935
18/08/2020,7432461547
19/08/2020,7401031162
20/08/2020,7458776184
21/08/2020,7731079772
22/08/2020,7643240540
23/08/2020,7590294392
24/08/2020,7656898742
25/08/2020,7809888675
26/08/2020,8081403129
27/08/2020,8260682095
28/08/2020,8373397180
29/08/2020,8880282512
30/08/2020,9166005649
31/08/2020,9497868186
01/09/2020,9756546714
02/09/2020,10753902132
03/09/2020,10565923982
04/09/2020,10019251151
05/09/2020,9931628574
06/09/2020,8613860606
07/09/2020,8891728923
08/09/2020,8197052702
09/09/2020,8031877757
10/09/2020,8282174838
11/09/2020,8983349159
12/09/2020,8929729888
13/09/2020,9152964503
14/09/2020,8952293520
15/09/2020,9117541963
16/09/2020,8986104758
17/09/2020,8738782318
18/09/2020,9282183619
19/09/2020,9789761142
20/09/2020,10509899728
21/09/2020,10760070553
22/09/2020,10132309081
23/09/2020,10222207721
24/09/2020,10248372315
25/09/2020,10619664562
26/09/2020,10900609586
27/09/2020,11841780158
28/09/2020,11788663156
29/09/2020,11897922562
30/09/2020,11880048777
01/10/2020,11708306229
02/10/2020,11710920048
03/10/2020,11223577098
04/10/2020,11403955356
05/10/2020,11383390331
06/10/2020,11263614022
07/10/2020,10844180789
08/10/2020,10597092464
09/10/2020,10858745102
10/10/2020,11298481251
11/10/2020,11453814188
12/10/2020,11573967066
13/10/2020,11596202092
14/10/2020,11674898744
15/10/2020,11682843968
16/10/2020,11561437801
17/10/2020,11375407162
18/10/2020,11328165809
19/10/2020,11471132988
20/10/2020,11501426663
21/10/2020,11268420005
22/10/2020,11526651642
23/10/2020,11782587637
24/10/2020,11982327951
25/10/2020,12174591582
26/10/2020,12229739470
27/10/2020,11959581099
28/10/2020,12110722130
29/10/2020,12054038317
30/10/2020,12021294377
31/10/2020,11835622064
01/11/2020,12151485742
02/11/2020,12176150123
03/11/2020,12024833167
04/11/2020,11817492314
05/11/2020,11920574221
06/11/2020,12187588058
07/11/2020,12682596728
08/11/2020,12754294748
09/11/2020,12887089054
10/11/2020,13421476163
11/11/2020,13697399895
12/11/2020,14195624492
13/11/2020,14055010510
14/11/2020,14460077167
15/11/2020,14201728036
16/11/2020,14289485305
17/11/2020,14849724248
18/11/2020,15233532933
19/11/2020,16611544499
20/11/2020,15901904622
21/11/2020,15387486149
22/11/2020,15505657105
23/11/2020,14999091231
24/11/2020,14994835853
25/11/2020,15077180325
26/11/2020,14813665028
27/11/2020,13384898941
28/11/2020,13379338549
29/11/2020,13764391789
30/11/2020,14426359753
01/12/2020,15166918719
02/12/2020,15090527029
03/12/2020,15571328780
04/12/2020,15893287500
05/12/2020,15175484025
06/12/2020,15571223855
07/12/2020,15634547427
08/12/2020,15777395407
09/12/2020,15399883928
10/12/2020,15313169192
11/12/2020,15139932314
12/12/2020,14830167110
13/12/2020,15405397264
14/12/2020,15810142055
15/12/2020,15790402037
16/12/2020,16157233854
17/12/2020,16413151944
18/12/2020,16932127680
19/12/2020,16985382669
20/12/2020,17401248060
21/12/2020,17126821521
22/12/2020,16637068858
23/12/2020,17018158492
24/12/2020,16876681706
25/12/2020,16810428183
26/12/2020,17497146610
27/12/2020,17742225550
28/12/2020,17657773565
29/12/2020,18583159646
30/12/2020,18699685968
31/12/2020,18349528580
01/01/2021,18700057985
02/01/2021,19032002252
03/01/2021,19460766189
04/01/2021,20905692225
05/01/2021,21660911616
06/01/2021,23712547817
07/01/2021,25225560416
08/01/2021,25731311934
09/01/2021,26359566511
10/01/2021,26259520770
11/01/2021,26441488780
12/01/2021,23635511068
13/01/2021,24060045892
14/01/2021,25280086626
15/01/2021,26360673721
16/01/2021,26208934297
17/01/2021,27151709144
18/01/2021,27308355277
19/01/2021,27720492877
20/01/2021,29351833488
21/01/2021,28251778511
22/01/2021,25979596522
23/01/2021,27101676552
24/01/2021,28092593886
25/01/2021,30281360995
26/01/2021,30763143550
27/01/2021,30349204293
28/01/2021,29345509088
29/01/2021,31064566592
30/01/2021,32197950282
31/01/2021,32176753676
01/02/2021,32186443587
02/02/2021,32757502757
03/02/2021,34380922912
04/02/2021,38326750392
05/02/2021,39800903007
06/02/2021,42503099601
07/02/2021,42114476839
08/02/2021,41427673707
09/02/2021,44849236972
10/02/2021,46581526407
11/02/2021,48453867070
12/02/2021,50006273861
13/02/2021,50865892214
14/02/2021,50141660311
15/02/2021,50520793915
16/02/2021,50107645687
17/02/2021,51003671130
18/02/2021,52202130199
19/02/2021,54344753564
20/02/2021,56080419798
21/02/2021,58310298019
22/02/2021,58581435660
23/02/2021,55277554438
24/02/2021,48016045760
25/02/2021,52380047157
26/02/2021,51799311494
27/02/2021,46367682488
28/02/2021,46966594543
01/03/2021,48519520938
02/03/2021,52521007820
03/03/2021,53226602791
04/03/2021,55782317708
05/03/2021,54976258775
06/03/2021,53836951020
07/03/2021,55179347247
08/03/2021,54397752969
09/03/2021,55437360665
10/03/2021,58005920628
11/03/2021,58909702532
12/03/2021,60043313635
13/03/2021,61120139808
14/03/2021,64563514687
15/03/2021,64312535381
16/03/2021,61921742330
17/03/2021,62765673220
18/03/2021,63649029494
19/03/2021,64417232162
20/03/2021,65858170739
21/03/2021,67872077246
22/03/2021,65707954823
23/03/2021,65505709507
24/03/2021,63780972772
25/03/2021,63038676415
26/03/2021,61515604287
27/03/2021,64377058195
28/03/2021,65112581718
29/03/2021,65950163424
30/03/2021,69189667532
31/03/2021,72073388990
01/04/2021,72339717878
02/04/2021,75709961650
03/04/2021,78994690512
04/04/2021,84303481900
05/04/2021,86311927806
06/04/2021,89640371818
07/04/2021,90677564325
08/04/2021,85616484076
09/04/2021,88373506025
10/04/2021,91099169689
11/04/2021,93150541122
12/04/2021,93199349958
13/04/2021,94816693523
14/04/2021,99311170396
15/04/2021,1.04707E+11
16/04/2021,1.07476E+11
17/04/2021,1.06873E+11
18/04/2021,1.07817E+11
19/04/2021,97922566767
20/04/2021,99545601418
21/04/2021,1.00249E+11
22/04/2021,1.02343E+11
23/04/2021,1.05232E+11
24/04/2021,1.02754E+11
25/04/2021,1.01019E+11
26/04/2021,1.05166E+11
27/04/2021,1.15404E+11
28/04/2021,1.20226E+11
29/04/2021,1.23149E+11
30/04/2021,1.23562E+11
01/05/2021,1.26155E+11
02/05/2021,1.31123E+11
03/05/2021,1.30239E+11
04/05/2021,1.38828E+11
05/05/2021,1.40067E+11
06/05/2021,1.42748E+11
07/05/2021,1.45658E+11
08/05/2021,1.44863E+11
09/05/2021,1.52005E+11
10/05/2021,1.54529E+11
11/05/2021,1.54991E+11
12/05/2021,1.54191E+11
13/05/2021,1.53353E+11
14/05/2021,1.44424E+11
15/05/2021,1.49152E+11
16/05/2021,1.44764E+11
17/05/2021,1.43399E+11
18/05/2021,1.38265E+11
19/05/2021,1.31058E+11
20/05/2021,1.10645E+11
21/05/2021,1.08565E+11
22/05/2021,1.05012E+11
23/05/2021,95886799317
24/05/2021,89395599951
25/05/2021,98748552434
26/05/2021,1.0158E+11
27/05/2021,1.09236E+11
28/05/2021,1.07719E+11
29/05/2021,1.01049E+11
30/05/2021,99092699377
31/05/2021,1.0347E+11
01/06/2021,1.0847E+11
02/06/2021,1.10692E+11
03/06/2021,1.15838E+11
04/06/2021,1.17504E+11
05/06/2021,1.11968E+11
06/06/2021,1.14708E+11
07/06/2021,1.15525E+11
08/06/2021,1.15074E+11
09/06/2021,1.12617E+11
10/06/2021,1.14742E+11
11/06/2021,1.13478E+11
12/06/2021,1.10519E+11
13/06/2021,1.10013E+11
14/06/2021,1.15746E+11
15/06/2021,1.1978E+11
16/06/2021,1.18497E+11
17/06/2021,1.14878E+11
18/06/2021,1.1107E+11
19/06/2021,1.08221E+11
20/06/2021,1.07153E+11
21/06/2021,1.01492E+11
22/06/2021,93289012647
23/06/2021,92711034648
24/06/2021,95719208365
25/06/2021,96958863999
26/06/2021,94472545687
27/06/2021,94587340318
28/06/2021,96751291414
29/06/2021,99857776764
30/06/2021,1.01513E+11
01/07/2021,1.01481E+11
02/07/2021,1.01165E+11
03/07/2021,1.00954E+11
04/07/2021,1.04422E+11
05/07/2021,1.06293E+11
06/07/2021,1.06365E+11
07/07/2021,1.0995E+11
08/07/2021,1.10556E+11
09/07/2021,1.07658E+11
10/07/2021,1.07917E+11
11/07/2021,1.07831E+11
12/07/2021,1.09587E+11
13/07/2021,1.06029E+11
14/07/2021,1.07841E+11
15/07/2021,1.07161E+11
16/07/2021,1.10011E+11
17/07/2021,1.09799E+11
18/07/2021,1.11451E+11
19/07/2021,1.09165E+11
20/07/2021,1.07124E+11
21/07/2021,1.05476E+11
22/07/2021,1.1095E+11
23/07/2021,1.11266E+11
24/07/2021,1.14015E+11
25/07/2021,1.15987E+11
26/07/2021,1.17152E+11
27/07/2021,1.1835E+11
28/07/2021,1.2094E+11
29/07/2021,1.20518E+11
30/07/2021,1.22796E+11
31/07/2021,1.24289E+11
01/08/2021,1.25561E+11
02/08/2021,1.25406E+11
03/08/2021,1.24589E+11
04/08/2021,1.26275E+11
05/08/2021,1.30691E+11
06/08/2021,1.31083E+11
07/08/2021,1.33393E+11
08/08/2021,1.38071E+11
09/08/2021,1.37401E+11
10/08/2021,1.40707E+11
11/08/2021,1.38709E+11
12/08/2021,1.41309E+11
13/08/2021,1.43028E+11
14/08/2021,1.4832E+11
15/08/2021,1.49421E+11
16/08/2021,1.50146E+11
17/08/2021,1.47743E+11
18/08/2021,1.46972E+11
19/08/2021,1.4998E+11
20/08/2021,1.53544E+11
21/08/2021,1.56756E+11
22/08/2021,1.56524E+11
23/08/2021,1.57941E+11
24/08/2021,1.58181E+11
25/08/2021,1.56648E+11
26/08/2021,1.56566E+11
27/08/2021,1.56804E+11
28/08/2021,1.63633E+11
29/08/2021,1.63634E+11
30/08/2021,1.61381E+11
31/08/2021,1.63107E+11
01/09/2021,1.68875E+11
02/09/2021,1.77448E+11
03/09/2021,1.79619E+11
04/09/2021,1.82726E+11
05/09/2021,1.88124E+11
06/09/2021,1.8993E+11
07/09/2021,1.8796E+11
08/09/2021,1.79165E+11
09/09/2021,1.82295E+11
10/09/2021,1.8399E+11
11/09/2021,1.79558E+11
12/09/2021,1.85044E+11
13/09/2021,1.83433E+11
14/09/2021,1.80916E+11
15/09/2021,1.86609E+11
16/09/2021,1.90163E+11
17/09/2021,1.87952E+11
18/09/2021,1.89075E+11
19/09/2021,1.93396E+11
20/09/2021,1.84278E+11
21/09/2021,1.71383E+11
22/09/2021,1.7194E+11
23/09/2021,1.79542E+11
24/09/2021,1.82958E+11
25/09/2021,1.79611E+11
26/09/2021,1.79432E+11
27/09/2021,1.7987E+11
28/09/2021,1.74926E+11
29/09/2021,1.7041E+11
30/09/2021,1.74E+11
01/10/2021,1.76094E+11
02/10/2021,1.8574E+11
03/10/2021,1.8731E+11
04/10/2021,1.87102E+11
05/10/2021,1.87815E+11
06/10/2021,1.88131E+11
07/10/2021,1.90181E+11
08/10/2021,1.98076E+11
09/10/2021,2.02223E+11
10/10/2021,2.05806E+11
11/10/2021,2.02356E+11
12/10/2021,2.01385E+11
13/10/2021,2.00876E+11
14/10/2021,2.06452E+11
15/10/2021,2.09039E+11
16/10/2021,2.08194E+11
17/10/2021,2.05655E+11
18/10/2021,2.05068E+11
19/10/2021,2.01596E+11
20/10/2021,2.09056E+11
21/10/2021,2.15731E+11
22/10/2021,2.11617E+11
23/10/2021,2.10774E+11
24/10/2021,2.19823E+11
25/10/2021,2.17292E+11
26/10/2021,2.21812E+11
27/10/2021,2.18501E+11
28/10/2021,2.10266E+11
29/10/2021,2.18285E+11
30/10/2021,2.07714E+11
31/10/2021,2.07988E+11
01/11/2021,2.11506E+11
02/11/2021,2.13056E+11
03/11/2021,2.20552E+11
04/11/2021,2.23391E+11
05/11/2021,2.22766E+11
06/11/2021,2.22506E+11
07/11/2021,2.23337E+11
08/11/2021,2.28872E+11
09/11/2021,2.34679E+11
10/11/2021,2.34999E+11
11/11/2021,2.28191E+11
12/11/2021,2.34038E+11
13/11/2021,2.35425E+11
14/11/2021,2.34447E+11
15/11/2021,2.35471E+11
16/11/2021,2.29946E+11
17/11/2021,2.19987E+11
18/11/2021,2.23252E+11
19/11/2021,2.13746E+11
20/11/2021,2.24349E+11
21/11/2021,2.30402E+11
22/11/2021,2.26983E+11
23/11/2021,2.21767E+11
24/11/2021,2.27966E+11
25/11/2021,2.27386E+11
26/11/2021,2.35632E+11
27/11/2021,2.19194E+11
28/11/2021,2.20597E+11
29/11/2021,2.27319E+11
30/11/2021,2.33312E+11
01/12/2021,2.37081E+11
02/12/2021,2.37485E+11
03/12/2021,2.34801E+11
04/12/2021,2.23097E+11
05/12/2021,2.11612E+11
06/12/2021,2.11754E+11
07/12/2021,2.18849E+11
08/12/2021,2.21693E+11
09/12/2021,2.23867E+11
10/12/2021,2.14198E+11
11/12/2021,2.07906E+11
12/12/2021,2.13018E+11
13/12/2021,2.1526E+11
14/12/2021,2.03972E+11
15/12/2021,2.08874E+11
16/12/2021,2.1846E+11
17/12/2021,2.18136E+11
18/12/2021,2.14321E+11
19/12/2021,2.21135E+11
20/12/2021,2.23761E+11
21/12/2021,2.26325E+11
22/12/2021,2.34755E+11
23/12/2021,2.33429E+11
24/12/2021,2.41425E+11
25/12/2021,2.41655E+11
26/12/2021,2.4233E+11
27/12/2021,2.42817E+11
28/12/2021,2.40655E+11
29/12/2021,2.32698E+11
30/12/2021,2.32052E+11
31/12/2021,2.33067E+11
01/01/2022,2.31778E+11
02/01/2022,2.31886E+11
03/01/2022,2.32689E+11
04/01/2022,2.35187E+11
05/01/2022,2.35441E+11
06/01/2022,2.24159E+11
07/01/2022,2.21984E+11
08/01/2022,2.15972E+11
09/01/2022,2.13232E+11
10/01/2022,2.14603E+11
11/01/2022,2.10052E+11
12/01/2022,2.16608E+11
13/01/2022,2.22456E+11
14/01/2022,2.23119E+11
15/01/2022,2.25021E+11
16/01/2022,2.25252E+11
17/01/2022,2.25057E+11
18/01/2022,2.1751E+11
19/01/2022,2.16304E+11
20/01/2022,2.15316E+11
21/01/2022,2.13412E+11
22/01/2022,1.87721E+11
23/01/2022,1.77154E+11
24/01/2022,1.82437E+11
25/01/2022,1.76195E+11
26/01/2022,1.80831E+11
27/01/2022,1.8262E+11
28/01/2022,1.72512E+11
29/01/2022,1.74271E+11
30/01/2022,1.76413E+11
31/01/2022,1.74554E+11
01/02/2022,1.77646E+11
02/02/2022,1.81983E+11
03/02/2022,1.76942E+11
04/02/2022,1.78556E+11
05/02/2022,1.88833E+11
06/02/2022,1.91957E+11
07/02/2022,1.93999E+11
08/02/2022,1.97948E+11
09/02/2022,1.97644E+11
10/02/2022,2.01054E+11
11/02/2022,1.96888E+11
12/02/2022,1.91163E+11
13/02/2022,1.9088E+11
14/02/2022,1.89469E+11
15/02/2022,1.8922E+11
16/02/2022,1.96873E+11
17/02/2022,1.95612E+11
18/02/2022,1.86504E+11
19/02/2022,1.83454E+11
20/02/2022,1.82905E+11
21/02/2022,1.77725E+11
22/02/2022,1.72312E+11
23/02/2022,1.7239E+11
24/02/2022,1.71327E+11
25/02/2022,1.68968E+11
26/02/2022,1.7545E+11
27/02/2022,1.76169E+11
28/02/2022,1.70394E+11
01/03/2022,1.82439E+11
02/03/2022,1.83402E+11
03/03/2022,1.84195E+11
04/03/2022,1.77225E+11
05/03/2022,1.71468E+11
06/03/2022,1.74158E+11
07/03/2022,1.6887E+11
08/03/2022,1.68339E+11
09/03/2022,1.70829E+11
10/03/2022,1.76857E+11
11/03/2022,1.74442E+11
12/03/2022,1.72632E+11
13/03/2022,1.72949E+11
14/03/2022,1.70714E+11
15/03/2022,1.71936E+11
16/03/2022,1.74229E+11
17/03/2022,1.80357E+11
18/03/2022,1.81213E+11
19/03/2022,1.86417E+11
20/03/2022,1.86974E+11
21/03/2022,1.84231E+11
22/03/2022,1.88893E+11
23/03/2022,1.91227E+11
24/03/2022,1.93689E+11
25/03/2022,1.96544E+11
26/03/2022,1.95815E+11
27/03/2022,1.99077E+11
28/03/2022,2.04466E+11
29/03/2022,2.06728E+11
30/03/2022,2.09107E+11
31/03/2022,2.11867E+11
01/04/2022,2.08568E+11
02/04/2022,2.14518E+11
03/04/2022,2.15067E+11
04/04/2022,2.16901E+11
05/04/2022,2.15737E+11
06/04/2022,2.10685E+11
07/04/2022,2.01556E+11
08/04/2022,2.04663E+11
09/04/2022,2.00432E+11
10/04/2022,2.03133E+11
11/04/2022,1.99285E+11
12/04/2022,1.8791E+11
13/04/2022,1.9136E+11
14/04/2022,1.94717E+11
15/04/2022,1.91188E+11
16/04/2022,1.93591E+11
17/04/2022,1.94393E+11
18/04/2022,1.9133E+11
19/04/2022,1.95143E+11
20/04/2022,1.96893E+11
21/04/2022,1.9675E+11
22/04/2022,1.93428E+11
23/04/2022,1.92444E+11
24/04/2022,1.93564E+11
25/04/2022,1.9223E+11
26/04/2022,1.95794E+11
27/04/2022,1.88693E+11
28/04/2022,1.92861E+11
29/04/2022,1.9186E+11
30/04/2022,1.88675E+11
01/05/2022,1.81859E+11
02/05/2022,1.84365E+11
03/05/2022,1.85429E+11
04/05/2022,1.8488E+11
05/05/2022,1.91907E+11
06/05/2022,1.82903E+11
07/05/2022,1.81639E+11
08/05/2022,1.7532E+11
09/05/2022,1.68391E+11
10/05/2022,1.44595E+11
11/05/2022,1.43083E+11
12/05/2022,1.19923E+11
13/05/2022,1.04904E+11
14/05/2022,1.05975E+11
15/05/2022,1.06141E+11
16/05/2022,1.0943E+11
17/05/2022,1.04312E+11
18/05/2022,1.06547E+11
19/05/2022,1.0085E+11
20/05/2022,1.03418E+11
21/05/2022,1.01098E+11
22/05/2022,1.02139E+11
23/05/2022,1.04466E+11
24/05/2022,1.02112E+11
25/05/2022,1.0326E+11
26/05/2022,1.03104E+11
27/05/2022,97807605086
28/05/2022,96336905813
29/05/2022,98547988728
30/05/2022,97964191479
31/05/2022,1.03425E+11
01/06/2022,1.03894E+11
02/06/2022,1.00257E+11
03/06/2022,1.01619E+11
04/06/2022,99225969818
05/06/2022,98832722817
06/06/2022,98869398277
07/06/2022,99621302028
08/06/2022,99889102980
09/06/2022,98885416032
10/06/2022,97229364180
11/06/2022,94085636225
12/06/2022,89871903798
13/06/2022,85729573522
14/06/2022,74677187552
15/06/2022,72170175555
16/06/2022,72263642447
17/06/2022,67719511206
18/06/2022,68514258570
19/06/2022,64896330623
20/06/2022,67302137761
21/06/2022,68522561766
22/06/2022,68631427529
23/06/2022,68345026378
24/06/2022,70694763226
25/06/2022,72469405813
26/06/2022,72975217156
27/06/2022,71366461581
28/06/2022,70243913092
29/06/2022,68779952790
30/06/2022,67888724035
01/07/2022,67170576990
02/07/2022,67049420189
03/07/2022,67970514599
04/07/2022,67854374400
05/07/2022,70262266104
06/07/2022,70192718220
07/07/2022,71088860925
08/07/2022,71984568025
09/07/2022,71655463353
10/07/2022,71936150103
11/07/2022,70388472611
12/07/2022,68163378935
13/07/2022,66721986933
14/07/2022,68538491722
15/07/2022,70156344050
16/07/2022,70838916563
17/07/2022,72757460317
18/07/2022,72507923473
19/07/2022,76871665735
20/07/2022,77473917464
21/07/2022,76285385688
22/07/2022,77392095603
23/07/2022,76792923026
24/07/2022,76709981795
25/07/2022,77328822188
26/07/2022,74218931359
27/07/2022,74564726377
28/07/2022,78258301867
29/07/2022,80652141439
30/07/2022,79887864706
31/07/2022,80430333327
01/08/2022,79375080000
02/08/2022,78788408119
03/08/2022,77221344746
04/08/2022,78428367489
05/08/2022,79782683248
06/08/2022,81921264343
07/08/2022,81551704490
08/08/2022,82951204212
09/08/2022,83855862896
10/08/2022,81810622890
11/08/2022,85711260895
12/08/2022,85339026657
13/08/2022,85845117173
14/08/2022,86211083960
15/08/2022,85306840496
16/08/2022,83760399983
17/08/2022,83798583378
18/08/2022,82231297850
19/08/2022,80405348984
20/08/2022,76011011814
21/08/2022,75597030551
22/08/2022,77048346873
23/08/2022,77046059026
24/08/2022,77636792060
25/08/2022,77999787749
26/08/2022,78108098752
27/08/2022,74359564858
28/08/2022,73624232436
29/08/2022,72341742380
30/08/2022,74417956161
31/08/2022,74176658014
01/09/2022,73824832378
02/09/2022,74405283286
03/09/2022,74302721913
04/09/2022,74238142566
05/09/2022,74335442412
06/09/2022,75187808103
07/09/2022,71876853375
08/09/2022,73230578400
09/09/2022,73297142691
10/09/2022,75152953342
11/09/2022,75943086663
12/09/2022,75250123888
13/09/2022,74308484084
14/09/2022,70642554055
15/09/2022,69634058889
16/09/2022,67474691225
17/09/2022,67776336686
18/09/2022,68638787103
19/09/2022,66479793051
20/09/2022,66706734450
21/09/2022,66484549968
22/09/2022,64908728593
23/09/2022,67853949298
24/09/2022,68278810622
25/09/2022,67577287180
26/09/2022,68238983922
27/09/2022,69101551809
28/09/2022,69060917038
29/09/2022,69526958804
30/09/2022,69584265697
01/10/2022,69381970899
02/10/2022,69526678353
03/10/2022,68830541920
04/10/2022,69658816688
05/10/2022,70518938974
06/10/2022,70456921931
07/10/2022,70370189315
08/10/2022,69652470480
09/10/2022,69344566091
10/10/2022,68813901256
11/10/2022,68433079577
12/10/2022,68324410313
13/10/2022,67863341249
14/10/2022,67347884114
15/10/2022,67246162662
16/10/2022,67079032873
17/10/2022,67595405165
18/10/2022,67744634854
19/10/2022,67482112413
20/10/2022,66791379069
21/10/2022,66190023533
22/10/2022,66329241453
23/10/2022,66416198566
24/10/2022,67705534881
25/10/2022,67281773973
26/10/2022,69416254298
27/10/2022,71537016356
28/10/2022,70526493929
29/10/2022,71419582404
30/10/2022,72500434330
31/10/2022,71450350511
01/11/2022,70777016042
02/11/2022,70395772808
03/11/2022,69472170342
04/11/2022,69833263806
05/11/2022,72415711650
06/11/2022,71811610779
07/11/2022,70479980807
08/11/2022,69862983237
09/11/2022,63229813228
10/11/2022,56404974188
11/11/2022,58821787676
12/11/2022,57606728743
13/11/2022,56654275596
14/11/2022,55279060164
15/11/2022,55330388212
16/11/2022,55847703848
17/11/2022,55032230865
18/11/2022,55002479154
19/11/2022,54948586241
20/11/2022,54806986280
21/11/2022,53193089238
22/11/2022,52542321790
23/11/2022,52665312723
24/11/2022,53705241322
25/11/2022,53612376844
26/11/2022,53600596507
27/11/2022,54069178313
28/11/2022,53775301434
29/11/2022,52799507518
30/11/2022,54331243380
01/12/2022,55030980977
02/12/2022,54807762531
03/12/2022,54423437564
04/12/2022,54141274219
05/12/2022,55054089006
06/12/2022,54417552443
07/12/2022,54730003202
08/12/2022,54540422979
09/12/2022,54850559887
10/12/2022,54648737328
11/12/2022,55003720363
12/12/2022,54497639877
13/12/2022,54225813937
14/12/2022,54500560472
15/12/2022,54211370668
16/12/2022,53086094762
17/12/2022,50610332973
18/12/2022,50774400003
19/12/2022,51004329520
20/12/2022,46388707241
21/12/2022,47229729420
22/12/2022,51013041597
23/12/2022,50914535567
24/12/2022,50791565500
25/12/2022,50828408807
26/12/2022,50485716812
27/12/2022,50679467564
28/12/2022,50617647576
29/12/2022,49969286356
30/12/2022,49678483282
31/12/2022,49559471237
01/01/2023,49070202014
02/01/2023,49305611529
03/01/2023,49628522141
04/01/2023,49606699065
05/01/2023,50536269760
06/01/2023,50468426587
07/01/2023,50821719683
08/01/2023,51004430147
09/01/2023,51913047172
10/01/2023,52551230130
11/01/2023,52661004573
12/01/2023,53940429676
13/01/2023,54432817399
14/01/2023,57103189107
15/01/2023,57026145307
16/01/2023,57958181132
17/01/2023,58136158997
18/01/2023,58426648072
19/01/2023,56956779204
20/01/2023,58043479202
21/01/2023,60617125372
22/01/2023,60466633060
23/01/2023,60527556561
24/01/2023,60849691940
25/01/2023,59702873479
26/01/2023,61523661417
27/01/2023,61045113053
28/01/2023,61808979499
29/01/2023,61541412093
30/01/2023,62927675916
31/01/2023,60808794237
01/02/2023,61495522987
02/02/2023,64225209719
03/02/2023,63707680017
04/02/2023,64780809539
05/02/2023,64829893867
06/02/2023,64089288167
07/02/2023,64158955695
08/02/2023,66141897782
09/02/2023,65907070374
10/02/2023,62458301882
11/02/2023,62281014217
12/02/2023,63136725476
13/02/2023,62303160959
14/02/2023,62083937809
15/02/2023,63229734984
16/02/2023,66894973036
17/02/2023,65465914171
18/02/2023,67404456459
19/02/2023,67912234012
20/02/2023,67736147902
21/02/2023,69286364391
22/02/2023,67385503763
23/02/2023,67415305969
24/02/2023,67410441394
25/02/2023,65891902094
26/02/2023,65527136143
27/02/2023,66763038621
28/02/2023,67052540995
01/03/2023,66907582990
02/03/2023,68722390460
03/03/2023,67796231027
04/03/2023,65480164133
05/03/2023,64959836510
06/03/2023,65414757930
07/03/2023,65620384265
08/03/2023,65086892301
09/03/2023,63307501124
10/03/2023,60293300543
11/03/2023,59828809140
12/03/2023,57752613070
13/03/2023,63513688594
14/03/2023,64769267020
15/03/2023,65144819509
16/03/2023,63433009749
17/03/2023,64795625551
18/03/2023,67656451643
19/03/2023,67028910333
20/03/2023,67327142382
21/03/2023,67370812977
22/03/2023,68964326103
23/03/2023,69202991562
24/03/2023,69366933087
25/03/2023,66668963628
26/03/2023,65610035528
27/03/2023,66508835654
28/03/2023,65481094107
29/03/2023,65593744959
30/03/2023,67013303695
31/03/2023,67502066127
01/04/2023,67335983077
02/04/2023,67074089697
03/04/2023,66764833837
04/04/2023,66169701642
05/04/2023,67925612550
06/04/2023,68292270223
07/04/2023,67077621453
08/04/2023,66954154315
09/04/2023,66917829768
10/04/2023,67480838304
11/04/2023,68696607839
12/04/2023,68108917057
13/04/2023,68144467756
14/04/2023,71286844614
15/04/2023,71179409085
16/04/2023,71612596023
17/04/2023,71037775674
18/04/2023,70188642542
19/04/2023,70821083462
20/04/2023,67977451645
21/04/2023,66792730520
22/04/2023,64356482060
23/04/2023,65074781265
24/04/2023,64906049147
25/04/2023,63655836803
26/04/2023,65163617107
27/04/2023,65927804975
28/04/2023,65366498095
29/04/2023,64722964139
30/04/2023,64996646725
01/05/2023,64741643006
02/05/2023,63290533967
03/05/2023,63927609246
04/05/2023,65181615234
05/05/2023,65280910882
06/05/2023,67099926391
07/05/2023,65083593195
08/05/2023,64783332301
09/05/2023,62848497947
10/05/2023,63027475703
11/05/2023,63807055456
12/05/2023,60567096589
13/05/2023,59934988732
14/05/2023,59992707308
15/05/2023,59770012394
16/05/2023,60793650036
17/05/2023,60754097475
18/05/2023,60511574771
19/05/2023,60277116989
20/05/2023,60602818486
21/05/2023,61323300509
22/05/2023,60087949843
23/05/2023,60163594198
24/05/2023,60676181761
25/05/2023,57659915096
26/05/2023,58294709476
27/05/2023,58422804468
28/05/2023,58727267209
29/05/2023,60789228992
30/05/2023,60309103189
31/05/2023,60395327604
01/06/2023,58962229386
02/06/2023,59154891529
03/06/2023,59967611189
04/06/2023,59578584767
05/06/2023,59452273087
06/06/2023,57142468342
07/06/2023,58547089276
08/06/2023,57381483280
09/06/2023,57355107877
10/06/2023,56599345737
11/06/2023,49783363774
12/06/2023,54361646806
13/06/2023,53862038379
14/06/2023,54155909807
15/06/2023,52484947397
16/06/2023,52522733507
17/06/2023,53661429509
18/06/2023,53924328656
19/06/2023,53934517064
20/06/2023,54226848792
21/06/2023,55756136980
22/06/2023,57621607832
23/06/2023,56954976021
24/06/2023,57315877395
25/06/2023,57055120033
26/06/2023,57585783710
27/06/2023,56828910663
28/06/2023,57254098228
29/06/2023,56167042416
30/06/2023,56775333725
01/07/2023,58286387863
02/07/2023,58221030125
03/07/2023,58248448319
04/07/2023,58809765143
05/07/2023,58487590623
06/07/2023,57749861973
07/07/2023,56634953964
08/07/2023,57225114923
09/07/2023,57347078451
10/07/2023,57128225493
11/07/2023,57549895366
12/07/2023,57724835097
13/07/2023,57531266547
14/07/2023,60009173255
15/07/2023,58656757486
16/07/2023,58728392448
17/07/2023,58280004484
18/07/2023,57939257311
19/07/2023,57395121402
20/07/2023,57063068749
21/07/2023,57269335055
22/07/2023,57222701862
23/07/2023,56572999226
24/07/2023,56997090864
25/07/2023,55984094164
26/07/2023,55821916174
27/07/2023,56114529937
28/07/2023,56163720327
29/07/2023,56582127286
30/07/2023,56955595534
31/07/2023,54487391525
01/08/2023,53462789606
02/08/2023,52945400733
03/08/2023,52095398483
04/08/2023,52609161984
05/08/2023,52537627136
06/08/2023,52642275920
07/08/2023,52904822504
08/08/2023,53589127285
09/08/2023,54138881050
10/08/2023,54166905269
11/08/2023,54483593537
12/08/2023,54709791761
13/08/2023,54643387539
14/08/2023,54511984773
15/08/2023,54618178356
16/08/2023,53888625839
17/08/2023,52659020409
18/08/2023,50500162453
19/08/2023,49953991877
20/08/2023,47930621762
21/08/2023,47699444853
22/08/2023,47344896381
23/08/2023,48958856659
24/08/2023,49824459410
25/08/2023,49519378477
26/08/2023,49184217700
27/08/2023,49022420658
28/08/2023,49459989691
29/08/2023,49638453116
30/08/2023,51000290235
31/08/2023,50437641969
01/09/2023,49264100200
02/09/2023,48793813638
03/09/2023,49068313216
04/09/2023,48920487256
05/09/2023,48965307564
06/09/2023,48933905256
07/09/2023,48942275060
08/09/2023,49625617416
09/09/2023,49024409645
10/09/2023,48910219954
11/09/2023,48515510548
12/09/2023,47030221127
13/09/2023,47930896212
14/09/2023,48569077711
15/09/2023,48747682893
16/09/2023,50026215660
17/09/2023,49498130911
18/09/2023,49779216240
19/09/2023,49838199154
20/09/2023,50210087868
21/09/2023,49697212705
22/09/2023,48845181177
23/09/2023,49055359116
24/09/2023,49169548874
25/09/2023,48762422985
26/09/2023,49025673393
27/09/2023,48410263256
28/09/2023,48597173709
29/09/2023,49684063689
30/09/2023,49883792852
01/10/2023,49804225397
02/10/2023,50972530362
03/10/2023,49929312824
04/10/2023,49315070009
05/10/2023,49833882505
06/10/2023,49240780861
07/10/2023,49371550693
08/10/2023,49510306175
09/10/2023,49120484692
10/10/2023,48379009798
11/10/2023,47673152281
12/10/2023,47626632753
13/10/2023,45357525778
14/10/2023,47140205624
15/10/2023,46815826269
16/10/2023,47547883796
17/10/2023,47893577170
18/10/2023,47096710535
19/10/2023,47214661566
20/10/2023,47084753536
21/10/2023,47955919224
22/10/2023,49069420125
23/10/2023,50376810124
24/10/2023,52643683409
25/10/2023,52575573076
26/10/2023,53747974235
27/10/2023,52923248048
28/10/2023,52369122091
29/10/2023,53385071117
30/10/2023,54005475612
31/10/2023,55118230246
01/11/2023,54137455943
02/11/2023,55516342850
03/11/2023,55055933550
04/11/2023,56146764168
05/11/2023,56856294072
06/11/2023,56661616339
07/11/2023,56208974731
08/11/2023,57123330715
09/11/2023,56333243510
10/11/2023,60294761331
11/11/2023,58872784153
12/11/2023,59018560566
13/11/2023,59987424243
14/11/2023,59003748970
15/11/2023,59254705526
16/11/2023,61122946762
17/11/2023,58821219838
18/11/2023,59110965591
19/11/2023,59156061386
20/11/2023,60756204249
21/11/2023,61062374490
22/11/2023,58315352129
23/11/2023,61631682046
24/11/2023,57930854971
25/11/2023,61532981944
26/11/2023,61968006165
27/11/2023,61205739720
28/11/2023,60436795331
29/11/2023,61409867605
30/11/2023,61286906404
01/12/2023,61788756152
02/12/2023,61974874478
03/12/2023,63713810730
04/12/2023,64902558953
05/12/2023,65473336187
06/12/2023,67353995762
07/12/2023,66179770049
08/12/2023,67930653835
09/12/2023,69211792500
10/12/2023,67107735038
11/12/2023,66833500556
12/12/2023,64970314530
13/12/2023,64718814778
14/12/2023,66264130982
15/12/2023,67727470125
16/12/2023,65874100684
17/12/2023,66250640636
18/12/2023,65249289798
19/12/2023,66546607219
20/12/2023,66066073729
21/12/2023,67441570253
22/12/2023,68617473361
23/12/2023,69774716412
24/12/2023,69958059194
25/12/2023,69512698110
26/12/2023,71166681131
27/12/2023,70576045556
28/12/2023,73427683948
29/12/2023,72444816366
30/12/2023,71033629851
31/12/2023,71068426191
01/01/2024,70964173974
02/01/2024,72982024135
03/01/2024,73384906372
04/01/2024,68121418624
05/01/2024,68616289732
06/01/2024,69921281510
07/01/2024,69151818410
08/01/2024,68993228683
09/01/2024,71671590087
10/01/2024,72555318111
11/01/2024,76884698879
12/01/2024,77522666239
13/01/2024,74683813208
14/01/2024,75891023311
15/01/2024,74604349367
16/01/2024,73326712035
17/01/2024,74684315849
18/01/2024,73643785375
19/01/2024,73762233299
20/01/2024,73893866405
21/01/2024,74188413641
22/01/2024,74103354163
23/01/2024,71394541557
24/01/2024,70422872572
25/01/2024,70813551849
26/01/2024,70488855823
27/01/2024,72645109344
28/01/2024,73007048220
29/01/2024,72899419826
30/01/2024,74507156675
31/01/2024,73979670762
01/02/2024,72923783584
02/02/2024,73953405856
03/02/2024,74435225128
04/02/2024,73610887404
05/02/2024,73459745925
06/02/2024,75279751318
07/02/2024,77219661998
08/02/2024,78883260075
09/02/2024,80325900675
10/02/2024,82684854910
11/02/2024,82761489702
12/02/2024,83304919574
13/02/2024,86541930624
14/02/2024,85697149868
15/02/2024,89516388809
16/02/2024,89491267549
17/02/2024,89079905352
18/02/2024,88884239951
19/02/2024,91106255338
20/02/2024,92326935009
21/02/2024,92659782358
22/02/2024,92287981776
23/02/2024,92507859088
24/02/2024,91078679006
25/02/2024,93534536456
26/02/2024,95566431277
27/02/2024,98252362322
28/02/2024,1.00272E+11
29/02/2024,1.04017E+11
01/03/2024,1.0319E+11
02/03/2024,1.04719E+11
03/03/2024,1.05086E+11
04/03/2024,1.06699E+11
05/03/2024,1.09441E+11
06/03/2024,1.06176E+11
07/03/2024,1.12669E+11
08/03/2024,1.14584E+11
09/03/2024,1.16491E+11
10/03/2024,1.17862E+11
11/03/2024,1.17561E+11
12/03/2024,1.22437E+11
13/03/2024,1.20874E+11
14/03/2024,1.22949E+11
15/03/2024,1.20527E+11
16/03/2024,1.17344E+11
17/03/2024,1.11357E+11
18/03/2024,1.1482E+11
19/03/2024,1.11492E+11
20/03/2024,1.0256E+11
21/03/2024,1.12883E+11
22/03/2024,1.08208E+11
23/03/2024,1.04525E+11
24/03/2024,1.05744E+11
25/03/2024,1.1224E+11
26/03/2024,1.1801E+11
27/03/2024,1.18105E+11
28/03/2024,1.16154E+11
29/03/2024,1.18377E+11
30/03/2024,1.17843E+11
31/03/2024,1.18071E+11
01/04/2024,1.20966E+11
02/04/2024,1.17942E+11
03/04/2024,1.12307E+11
04/04/2024,1.1324E+11
05/04/2024,1.14246E+11
06/04/2024,1.1394E+11
07/04/2024,1.15087E+11
08/04/2024,1.16965E+11
09/04/2024,1.23027E+11
10/04/2024,1.18496E+11
11/04/2024,1.19453E+11
12/04/2024,1.19621E+11
13/04/2024,1.09822E+11
14/04/2024,1.0097E+11
15/04/2024,1.06854E+11
16/04/2024,1.08186E+11
17/04/2024,1.05325E+11
18/04/2024,1.02841E+11
19/04/2024,1.05221E+11
20/04/2024,1.06291E+11
21/04/2024,1.09234E+11
22/04/2024,1.095E+11
23/04/2024,1.11486E+11
24/04/2024,1.12047E+11
25/04/2024,1.09568E+11
26/04/2024,1.10144E+11
27/04/2024,1.08721E+11
28/04/2024,1.08399E+11
29/04/2024,1.10745E+11
30/04/2024,1.07896E+11
01/05/2024,1.02529E+11
02/05/2024,1.02431E+11
03/05/2024,1.0418E+11
04/05/2024,1.08408E+11
05/05/2024,1.09394E+11
06/05/2024,1.10327E+11
07/05/2024,1.08872E+11
08/05/2024,1.07536E+11
09/05/2024,1.05595E+11
10/05/2024,1.07174E+11
11/05/2024,1.05697E+11
12/05/2024,1.059E+11
13/05/2024,1.06428E+11
14/05/2024,1.06864E+11
15/05/2024,1.04962E+11
16/05/2024,1.09759E+11
17/05/2024,1.08472E+11
18/05/2024,1.12054E+11
19/05/2024,1.12708E+11
20/05/2024,1.11582E+11
21/05/2024,1.23517E+11
22/05/2024,1.2588E+11
23/05/2024,1.25887E+11
24/05/2024,1.25148E+11
25/05/2024,1.24703E+11
26/05/2024,1.25461E+11
27/05/2024,1.28001E+11
28/05/2024,1.27193E+11
29/05/2024,1.26172E+11
30/05/2024,1.25194E+11
31/05/2024,1.2486E+11
01/06/2024,1.22901E+11
02/06/2024,1.23197E+11
03/06/2024,1.25873E+11
04/06/2024,1.26301E+11
05/06/2024,1.28484E+11
06/06/2024,1.30164E+11
07/06/2024,1.29349E+11
08/06/2024,1.25866E+11
09/06/2024,1.2504E+11
10/06/2024,1.25753E+11
11/06/2024,1.24326E+11
12/06/2024,1.19947E+11
13/06/2024,1.22522E+11
14/06/2024,1.16943E+11
15/06/2024,1.1589E+11
16/06/2024,1.20949E+11
17/06/2024,1.22176E+11
18/06/2024,1.19169E+11
19/06/2024,1.17474E+11
20/06/2024,1.18876E+11
21/06/2024,1.13713E+11
22/06/2024,1.17168E+11
23/06/2024,1.1697E+11
24/06/2024,1.1067E+11
25/06/2024,1.12343E+11
26/06/2024,1.14563E+11
27/06/2024,1.13697E+11
28/06/2024,1.16042E+11
29/06/2024,1.13991E+11
30/06/2024,1.14343E+11
01/07/2024,1.16427E+11
02/07/2024,1.17314E+11
03/07/2024,1.16274E+11
04/07/2024,1.1335E+11
05/07/2024,1.08275E+11
06/07/2024,1.05438E+11
07/07/2024,1.0723E+11
08/07/2024,1.04024E+11
09/07/2024,1.06475E+11
10/07/2024,1.07662E+11
11/07/2024,1.08569E+11
12/07/2024,1.08999E+11
13/07/2024,1.09532E+11
14/07/2024,1.11098E+11
15/07/2024,1.14199E+11
16/07/2024,1.18281E+11
17/07/2024,1.19004E+11
18/07/2024,1.18243E+11
19/07/2024,1.18209E+11
20/07/2024,1.18558E+11
21/07/2024,1.21774E+11
22/07/2024,1.2298E+11
23/07/2024,1.21716E+11
24/07/2024,1.21647E+11
25/07/2024,1.18206E+11
26/07/2024,1.16115E+11
27/07/2024,1.1921E+11
28/07/2024,1.19608E+11
29/07/2024,1.1956E+11
30/07/2024,1.20684E+11
31/07/2024,1.19128E+11
01/08/2024,1.17255E+11
02/08/2024,1.15953E+11
03/08/2024,1.10549E+11
04/08/2024,1.07562E+11
05/08/2024,1.00841E+11
06/08/2024,93863795598
07/08/2024,97087113442
08/08/2024,94182062377
09/08/2024,1.01352E+11
10/08/2024,1.01823E+11
11/08/2024,1.02294E+11
12/08/2024,99769209165
13/08/2024,1.02093E+11
14/08/2024,1.04015E+11
15/08/2024,1.02242E+11
16/08/2024,1.00742E+11
17/08/2024,1.01941E+11
18/08/2024,1.02294E+11
19/08/2024,1.0308E+11
20/08/2024,1.02882E+11
21/08/2024,1.02828E+11
22/08/2024,1.04763E+11
23/08/2024,1.04555E+11
24/08/2024,1.1017E+11
25/08/2024,1.09608E+11
26/08/2024,1.1036E+11
27/08/2024,1.0764E+11
28/08/2024,1.01406E+11
29/08/2024,1.01905E+11
30/08/2024,1.01865E+11
31/08/2024,1.00109E+11
01/09/2024,99828393063
02/09/2024,97657607218
03/09/2024,1.00263E+11
04/09/2024,99365352059
05/09/2024,1.0024E+11
06/09/2024,97965677861
07/09/2024,93598544545
08/09/2024,95123635841
09/09/2024,96354829976
10/09/2024,99123499280
11/09/2024,99291804612
12/09/2024,98992202970
13/09/2024,1.00005E+11
14/09/2024,1.03193E+11
15/09/2024,1.02432E+11
16/09/2024,1.00875E+11
17/09/2024,99128828465
18/09/2024,1.01302E+11
19/09/2024,1.01626E+11
20/09/2024,1.05211E+11
21/09/2024,1.07648E+11
22/09/2024,1.08526E+11
23/09/2024,1.07553E+11
24/09/2024,1.1041E+11
25/09/2024,1.1132E+11
26/09/2024,1.09514E+11
27/09/2024,1.11987E+11
28/09/2024,1.1368E+11
29/09/2024,1.12984E+11
30/09/2024,1.13117E+11
01/10/2024,1.11156E+11
02/10/2024,1.06765E+11
03/10/2024,1.0399E+11
04/10/2024,1.03525E+11
05/10/2024,1.06155E+11
06/10/2024,1.05723E+11
07/10/2024,1.05504E+11
08/10/2024,1.05555E+11
09/10/2024,1.04087E+11
10/10/2024,1.02735E+11
11/10/2024,1.02485E+11
12/10/2024,1.05684E+11
13/10/2024,1.06853E+11
14/10/2024,1.06349E+11
15/10/2024,1.10927E+11
16/10/2024,1.09812E+11
17/10/2024,1.09618E+11
18/10/2024,1.08943E+11
19/10/2024,1.10174E+11
20/10/2024,1.10632E+11
21/10/2024,1.13304E+11
22/10/2024,1.11352E+11
23/10/2024,1.12987E+11
24/10/2024,1.10212E+11
25/10/2024,1.11894E+11
26/10/2024,1.0879E+11
27/10/2024,1.08976E+11
28/10/2024,1.09425E+11
29/10/2024,1.11499E+11
30/10/2024,1.14285E+11
31/10/2024,1.14754E+11
01/11/2024,1.10656E+11
02/11/2024,1.10469E+11
03/11/2024,1.09491E+11
04/11/2024,1.08827E+11
05/11/2024,1.06463E+11
06/11/2024,1.08575E+11
07/11/2024,1.1589E+11
08/11/2024,1.22766E+11
09/11/2024,1.24352E+11
10/11/2024,1.24353E+11
11/11/2024,1.31521E+11
12/11/2024,1.36953E+11
13/11/2024,1.35984E+11
14/11/2024,1.34484E+11
15/11/2024,1.3249E+11
16/11/2024,1.35493E+11
17/11/2024,1.33808E+11
18/11/2024,1.35779E+11
19/11/2024,1.39578E+11
20/11/2024,1.37729E+11
21/11/2024,1.37498E+11
22/11/2024,1.45973E+11
23/11/2024,1.43112E+11
24/11/2024,1.45839E+11
25/11/2024,1.45288E+11
26/11/2024,1.47359E+11
27/11/2024,1.45541E+11
28/11/2024,1.56598E+11
29/11/2024,1.54896E+11
30/11/2024,1.57451E+11
01/12/2024,1.60587E+11
02/12/2024,1.61419E+11
03/12/2024,1.59743E+11
04/12/2024,1.68917E+11
05/12/2024,1.69309E+11
06/12/2024,1.68192E+11
07/12/2024,1.66352E+11
08/12/2024,1.75084E+11
09/12/2024,1.76084E+11
10/12/2024,1.63563E+11
11/12/2024,1.63423E+11
12/12/2024,1.71942E+11
13/12/2024,1.73738E+11
14/12/2024,1.74624E+11
15/12/2024,1.7377E+11
16/12/2024,1.77245E+11
17/12/2024,1.79707E+11
18/12/2024,1.76157E+11
19/12/2024,1.67668E+11
20/12/2024,1.59196E+11
21/12/2024,1.56991E+11
22/12/2024,1.55154E+11
23/12/2024,1.54075E+11
24/12/2024,1.59332E+11
25/12/2024,1.63122E+11
26/12/2024,1.62956E+11
27/12/2024,1.56902E+11
28/12/2024,1.56497E+11
29/12/2024,1.59478E+11
30/12/2024,1.57165E+11
31/12/2024,1.5613E+11
01/01/2025,1.55277E+11
02/01/2025,1.57574E+11
03/01/2025,1.608E+11
04/01/2025,1.66218E+11
05/01/2025,1.67792E+11
06/01/2025,1.6741E+11
07/01/2025,1.69346E+11
08/01/2025,1.58512E+11
09/01/2025,1.56212E+11
10/01/2025,1.52136E+11
11/01/2025,1.54889E+11
12/01/2025,1.55465E+11
13/01/2025,1.53952E+11
14/01/2025,1.50841E+11
15/01/2025,1.55197E+11
16/01/2025,1.62852E+11
17/01/2025,1.60135E+11
18/01/2025,1.6666E+11
19/01/2025,1.62207E+11
20/01/2025,1.58749E+11
21/01/2025,1.59769E+11
22/01/2025,1.63507E+11
23/01/2025,1.6155E+11
24/01/2025,1.62757E+11
25/01/2025,1.62316E+11
26/01/2025,1.6327E+11
27/01/2025,1.60512E+11
28/01/2025,1.5635E+11
29/01/2025,1.53135E+11
30/01/2025,1.55945E+11
31/01/2025,1.60217E+11
01/02/2025,1.59011E+11
02/02/2025,1.52865E+11
03/02/2025,1.41441E+11
04/02/2025,1.45077E+11
05/02/2025,1.40272E+11
06/02/2025,1.4094E+11
07/02/2025,1.39947E+11
