Date,dailyActiveUsers_compoundv2ethereum,dailyDepositCount_compoundv2ethereum,dailyActiveUsers_compoundv3ethereum,dailyDepositCount_compoundv3ethereum,dailyActiveUsers_compoundv3arbitrum,dailyDepositCount_compoundv3arbitrum,dailyActiveUsers_aavev2ethereum,dailyDepositCount_aavev2ethereum,dailyActiveUsers_aavev3ethereum,dailyDepositCount_aavev3ethereum,dailyActiveUsers_aavev3arbitrum,dailyDepositCount_aavev3arbitrum
01/01/2021,1251,1291,,,,,717,884,,,,
02/01/2021,1184,1041,,,,,651,719,,,,
03/01/2021,984,782,,,,,599,619,,,,
04/01/2021,1044,803,,,,,495,395,,,,
05/01/2021,1081,863,,,,,537,456,,,,
06/01/2021,1102,889,,,,,586,558,,,,
07/01/2021,1076,927,,,,,541,492,,,,
08/01/2021,1069,903,,,,,490,515,,,,
09/01/2021,1209,1069,,,,,541,493,,,,
10/01/2021,1115,925,,,,,589,580,,,,
11/01/2021,1162,1109,,,,,552,652,,,,
12/01/2021,1189,1126,,,,,549,540,,,,
13/01/2021,1241,1197,,,,,560,591,,,,
14/01/2021,1112,1112,,,,,579,616,,,,
15/01/2021,1180,1174,,,,,522,580,,,,
16/01/2021,1189,1150,,,,,727,850,,,,
17/01/2021,1072,1021,,,,,729,858,,,,
18/01/2021,1140,1096,,,,,563,602,,,,
19/01/2021,1096,1021,,,,,652,782,,,,
20/01/2021,1048,1020,,,,,655,750,,,,
21/01/2021,1067,1036,,,,,657,786,,,,
22/01/2021,1020,987,,,,,636,759,,,,
23/01/2021,1004,931,,,,,684,826,,,,
24/01/2021,998,877,,,,,804,1048,,,,
25/01/2021,1009,920,,,,,724,793,,,,
26/01/2021,911,707,,,,,681,771,,,,
27/01/2021,930,836,,,,,634,739,,,,
28/01/2021,964,789,,,,,722,981,,,,
29/01/2021,1009,856,,,,,643,878,,,,
30/01/2021,889,823,,,,,668,779,,,,
31/01/2021,784,717,,,,,618,672,,,,
01/02/2021,890,760,,,,,546,623,,,,
02/02/2021,891,727,,,,,584,695,,,,
03/02/2021,847,705,,,,,685,741,,,,
04/02/2021,882,711,,,,,688,698,,,,
05/02/2021,1004,846,,,,,650,630,,,,
06/02/2021,974,888,,,,,740,769,,,,
07/02/2021,936,777,,,,,730,761,,,,
08/02/2021,946,787,,,,,647,730,,,,
09/02/2021,901,755,,,,,616,681,,,,
10/02/2021,970,813,,,,,723,707,,,,
11/02/2021,908,767,,,,,713,667,,,,
12/02/2021,852,738,,,,,738,738,,,,
13/02/2021,945,819,,,,,661,655,,,,
14/02/2021,816,895,,,,,734,790,,,,
15/02/2021,751,870,,,,,802,987,,,,
16/02/2021,823,813,,,,,652,726,,,,
17/02/2021,845,1018,,,,,710,887,,,,
18/02/2021,866,987,,,,,730,721,,,,
19/02/2021,994,1112,,,,,643,579,,,,
20/02/2021,920,1080,,,,,723,692,,,,
21/02/2021,897,747,,,,,739,678,,,,
22/02/2021,1083,819,,,,,746,697,,,,
23/02/2021,766,619,,,,,1015,1192,,,,
24/02/2021,735,732,,,,,695,714,,,,
25/02/2021,883,832,,,,,595,540,,,,
26/02/2021,809,739,,,,,787,756,,,,
27/02/2021,1106,969,,,,,623,571,,,,
28/02/2021,790,765,,,,,893,1012,,,,
01/03/2021,768,716,,,,,832,871,,,,
02/03/2021,796,708,,,,,893,976,,,,
03/03/2021,761,718,,,,,724,722,,,,
04/03/2021,629,587,,,,,708,698,,,,
05/03/2021,738,649,,,,,568,627,,,,
06/03/2021,770,640,,,,,707,676,,,,
07/03/2021,744,710,,,,,845,896,,,,
08/03/2021,799,698,,,,,750,759,,,,
09/03/2021,744,673,,,,,701,633,,,,
10/03/2021,640,589,,,,,579,506,,,,
11/03/2021,597,520,,,,,580,537,,,,
12/03/2021,594,476,,,,,579,566,,,,
13/03/2021,582,457,,,,,597,616,,,,
14/03/2021,516,387,,,,,546,447,,,,
15/03/2021,530,418,,,,,474,403,,,,
16/03/2021,467,405,,,,,505,458,,,,
17/03/2021,535,434,,,,,400,323,,,,
18/03/2021,554,561,,,,,412,346,,,,
19/03/2021,550,599,,,,,432,332,,,,
20/03/2021,590,524,,,,,412,348,,,,
21/03/2021,505,433,,,,,468,356,,,,
22/03/2021,549,490,,,,,422,333,,,,
23/03/2021,591,526,,,,,506,437,,,,
24/03/2021,613,539,,,,,514,484,,,,
25/03/2021,507,511,,,,,545,463,,,,
26/03/2021,697,695,,,,,454,336,,,,
27/03/2021,674,660,,,,,439,339,,,,
28/03/2021,627,618,,,,,403,324,,,,
29/03/2021,666,612,,,,,436,343,,,,
30/03/2021,535,470,,,,,404,314,,,,
31/03/2021,536,493,,,,,392,302,,,,
01/04/2021,674,590,,,,,458,352,,,,
02/04/2021,757,611,,,,,433,333,,,,
03/04/2021,839,768,,,,,511,375,,,,
04/04/2021,692,581,,,,,483,356,,,,
05/04/2021,650,583,,,,,443,372,,,,
06/04/2021,660,602,,,,,485,403,,,,
07/04/2021,688,588,,,,,466,344,,,,
08/04/2021,644,609,,,,,488,378,,,,
09/04/2021,837,827,,,,,462,323,,,,
10/04/2021,814,796,,,,,493,406,,,,
11/04/2021,743,678,,,,,534,447,,,,
12/04/2021,806,674,,,,,517,398,,,,
13/04/2021,804,609,,,,,495,403,,,,
14/04/2021,974,768,,,,,536,403,,,,
15/04/2021,693,598,,,,,823,548,,,,
16/04/2021,635,567,,,,,442,345,,,,
17/04/2021,924,762,,,,,410,320,,,,
18/04/2021,541,430,,,,,724,802,,,,
19/04/2021,461,333,,,,,416,373,,,,
20/04/2021,585,466,,,,,388,404,,,,
21/04/2021,827,702,,,,,499,378,,,,
22/04/2021,1078,862,,,,,609,579,,,,
23/04/2021,930,830,,,,,873,792,,,,
24/04/2021,1105,923,,,,,798,724,,,,
25/04/2021,1100,905,,,,,935,920,,,,
26/04/2021,1016,780,,,,,1602,2448,,,,
27/04/2021,889,685,,,,,1568,1968,,,,
28/04/2021,895,676,,,,,1141,1129,,,,
29/04/2021,910,722,,,,,1075,999,,,,
30/04/2021,1229,1027,,,,,993,903,,,,
01/05/2021,1065,938,,,,,1165,1114,,,,
02/05/2021,1244,1099,,,,,983,942,,,,
03/05/2021,1119,1015,,,,,1223,1287,,,,
04/05/2021,1023,905,,,,,1129,1231,,,,
05/05/2021,929,812,,,,,1016,922,,,,
06/05/2021,850,749,,,,,897,860,,,,
07/05/2021,593,498,,,,,868,805,,,,
08/05/2021,622,539,,,,,518,524,,,,
09/05/2021,523,423,,,,,574,464,,,,
10/05/2021,333,266,,,,,482,471,,,,
11/05/2021,477,391,,,,,308,243,,,,
12/05/2021,789,655,,,,,475,400,,,,
13/05/2021,682,565,,,,,899,919,,,,
14/05/2021,799,702,,,,,692,651,,,,
15/05/2021,1001,796,,,,,736,647,,,,
16/05/2021,1095,913,,,,,986,922,,,,
17/05/2021,758,591,,,,,1089,1136,,,,
18/05/2021,1666,1112,,,,,908,916,,,,
19/05/2021,1279,858,,,,,1717,1951,,,,
20/05/2021,1117,755,,,,,1531,1632,,,,
21/05/2021,1214,773,,,,,1412,1540,,,,
22/05/2021,1741,1040,,,,,1411,1303,,,,
23/05/2021,1081,931,,,,,1939,2123,,,,
24/05/2021,904,664,,,,,1279,1465,,,,
25/05/2021,813,669,,,,,1037,1017,,,,
26/05/2021,860,659,,,,,1015,947,,,,
27/05/2021,764,637,,,,,854,853,,,,
28/05/2021,840,730,,,,,862,941,,,,
29/05/2021,889,853,,,,,848,849,,,,
30/05/2021,780,661,,,,,872,871,,,,
31/05/2021,789,701,,,,,866,948,,,,
01/06/2021,692,640,,,,,870,904,,,,
02/06/2021,703,646,,,,,896,876,,,,
03/06/2021,724,640,,,,,892,887,,,,
04/06/2021,833,784,,,,,1335,1510,,,,
05/06/2021,884,841,,,,,1274,1328,,,,
06/06/2021,824,753,,,,,1121,1124,,,,
07/06/2021,932,805,,,,,1111,1134,,,,
08/06/2021,799,785,,,,,1246,1344,,,,
09/06/2021,796,756,,,,,1095,1125,,,,
10/06/2021,717,666,,,,,1021,980,,,,
11/06/2021,874,792,,,,,934,955,,,,
12/06/2021,839,726,,,,,1092,1248,,,,
13/06/2021,806,698,,,,,1066,1110,,,,
14/06/2021,789,730,,,,,1047,1004,,,,
15/06/2021,871,796,,,,,1158,1165,,,,
16/06/2021,946,927,,,,,1290,1070,,,,
17/06/2021,970,959,,,,,1479,1438,,,,
18/06/2021,896,873,,,,,1484,1509,,,,
19/06/2021,944,867,,,,,1176,1194,,,,
20/06/2021,1085,859,,,,,1165,1276,,,,
21/06/2021,1173,917,,,,,1472,1538,,,,
22/06/2021,852,849,,,,,1490,1510,,,,
23/06/2021,803,812,,,,,1239,1358,,,,
24/06/2021,724,680,,,,,1029,1092,,,,
25/06/2021,857,837,,,,,965,1050,,,,
26/06/2021,705,795,,,,,1149,1245,,,,
27/06/2021,804,827,,,,,972,1175,,,,
28/06/2021,798,782,,,,,932,1124,,,,
29/06/2021,646,680,,,,,1068,1130,,,,
30/06/2021,728,774,,,,,920,913,,,,
01/07/2021,772,858,,,,,813,806,,,,
02/07/2021,855,845,,,,,980,1077,,,,
03/07/2021,966,982,,,,,896,994,,,,
04/07/2021,847,935,,,,,995,1104,,,,
05/07/2021,614,634,,,,,890,895,,,,
06/07/2021,534,469,,,,,785,755,,,,
07/07/2021,589,561,,,,,773,749,,,,
08/07/2021,592,698,,,,,773,878,,,,
09/07/2021,675,758,,,,,810,1102,,,,
10/07/2021,738,740,,,,,825,1014,,,,
11/07/2021,678,658,,,,,882,1073,,,,
12/07/2021,592,508,,,,,799,950,,,,
13/07/2021,546,502,,,,,858,816,,,,
14/07/2021,501,467,,,,,765,742,,,,
15/07/2021,520,506,,,,,679,664,,,,
16/07/2021,556,558,,,,,657,606,,,,
17/07/2021,507,512,,,,,744,682,,,,
18/07/2021,637,594,,,,,596,549,,,,
19/07/2021,859,859,,,,,1066,998,,,,
20/07/2021,728,739,,,,,1219,1270,,,,
21/07/2021,613,599,,,,,958,911,,,,
22/07/2021,615,558,,,,,769,635,,,,
23/07/2021,659,621,,,,,788,684,,,,
24/07/2021,548,500,,,,,996,968,,,,
25/07/2021,654,611,,,,,858,846,,,,
26/07/2021,568,535,,,,,1002,1067,,,,
27/07/2021,524,450,,,,,781,608,,,,
28/07/2021,518,450,,,,,745,669,,,,
29/07/2021,524,497,,,,,709,569,,,,
30/07/2021,576,466,,,,,729,627,,,,
31/07/2021,634,504,,,,,777,642,,,,
01/08/2021,508,467,,,,,861,792,,,,
02/08/2021,430,369,,,,,746,621,,,,
03/08/2021,464,424,,,,,605,544,,,,
04/08/2021,462,382,,,,,664,638,,,,
05/08/2021,513,411,,,,,667,536,,,,
06/08/2021,590,482,,,,,771,677,,,,
07/08/2021,565,491,,,,,849,755,,,,
08/08/2021,480,436,,,,,880,736,,,,
09/08/2021,482,482,,,,,759,729,,,,
10/08/2021,502,346,,,,,728,581,,,,
11/08/2021,519,424,,,,,775,547,,,,
12/08/2021,474,349,,,,,671,555,,,,
13/08/2021,490,348,,,,,681,531,,,,
14/08/2021,466,352,,,,,678,475,,,,
15/08/2021,492,379,,,,,643,475,,,,
16/08/2021,466,382,,,,,744,544,,,,
17/08/2021,462,397,,,,,709,561,,,,
18/08/2021,507,406,,,,,728,569,,,,
19/08/2021,520,407,,,,,755,561,,,,
20/08/2021,524,396,,,,,797,611,,,,
21/08/2021,521,372,,,,,810,599,,,,
22/08/2021,410,289,,,,,709,475,,,,
23/08/2021,365,280,,,,,667,471,,,,
24/08/2021,291,212,,,,,553,360,,,,
25/08/2021,316,242,,,,,491,381,,,,
26/08/2021,298,179,,,,,453,315,,,,
27/08/2021,330,221,,,,,403,302,,,,
28/08/2021,291,218,,,,,376,204,,,,
29/08/2021,312,206,,,,,399,266,,,,
30/08/2021,351,234,,,,,408,274,,,,
31/08/2021,381,275,,,,,450,330,,,,
01/09/2021,379,267,,,,,591,407,,,,
02/09/2021,338,239,,,,,574,381,,,,
03/09/2021,290,180,,,,,431,237,,,,
04/09/2021,362,241,,,,,445,233,,,,
05/09/2021,402,260,,,,,456,267,,,,
06/09/2021,470,370,,,,,526,298,,,,
07/09/2021,401,279,,,,,692,555,,,,
08/09/2021,313,182,,,,,564,462,,,,
09/09/2021,398,266,,,,,467,293,,,,
10/09/2021,411,286,,,,,550,370,,,,
11/09/2021,402,264,,,,,535,288,,,,
12/09/2021,425,290,,,,,535,306,,,,
13/09/2021,377,235,,,,,488,361,,,,
14/09/2021,372,261,,,,,622,421,,,,
15/09/2021,347,244,,,,,600,384,,,,
16/09/2021,300,267,,,,,609,435,,,,
17/09/2021,348,281,,,,,471,356,,,,
18/09/2021,351,267,,,,,487,333,,,,
19/09/2021,465,334,,,,,461,283,,,,
20/09/2021,507,333,,,,,785,697,,,,
21/09/2021,449,334,,,,,772,675,,,,
22/09/2021,315,271,,,,,676,539,,,,
23/09/2021,367,289,,,,,584,428,,,,
24/09/2021,381,318,,,,,571,537,,,,
25/09/2021,308,220,,,,,516,429,,,,
26/09/2021,280,245,,,,,565,468,,,,
27/09/2021,309,244,,,,,485,345,,,,
28/09/2021,618,521,,,,,418,314,,,,
29/09/2021,788,628,,,,,487,343,,,,
30/09/2021,420,262,,,,,493,370,,,,
01/10/2021,435,263,,,,,601,443,,,,
02/10/2021,523,376,,,,,655,450,,,,
03/10/2021,377,219,,,,,546,422,,,,
04/10/2021,347,241,,,,,488,309,,,,
05/10/2021,279,191,,,,,514,314,,,,
06/10/2021,294,192,,,,,451,332,,,,
07/10/2021,308,173,,,,,422,250,,,,
08/10/2021,374,250,,,,,470,263,,,,
09/10/2021,352,250,,,,,539,293,,,,
10/10/2021,294,233,,,,,602,399,,,,
11/10/2021,352,340,,,,,467,318,,,,
12/10/2021,287,265,,,,,538,362,,,,
13/10/2021,306,200,,,,,403,252,,,,
14/10/2021,301,201,,,,,474,319,,,,
15/10/2021,370,254,,,,,527,361,,,,
16/10/2021,396,319,,,,,585,417,,,,
17/10/2021,343,270,,,,,543,325,,,,
18/10/2021,351,285,,,,,582,372,,,,
19/10/2021,456,349,,,,,576,390,,,,
20/10/2021,434,327,,,,,689,513,,,,
21/10/2021,367,268,,,,,689,525,,,,
22/10/2021,325,257,,,,,766,645,,,,
23/10/2021,304,242,,,,,670,514,,,,
24/10/2021,323,235,,,,,678,492,,,,
25/10/2021,262,181,,,,,811,633,,,,
26/10/2021,257,192,,,,,646,425,,,,
27/10/2021,196,138,,,,,493,424,,,,
28/10/2021,299,281,,,,,461,305,,,,
29/10/2021,273,207,,,,,845,470,,,,
30/10/2021,262,173,,,,,630,350,,,,
31/10/2021,241,292,,,,,572,432,,,,
01/11/2021,270,282,,,,,503,372,,,,
02/11/2021,306,247,,,,,524,409,,,,
03/11/2021,293,282,,,,,531,376,,,,
04/11/2021,250,178,,,,,560,400,,,,
05/11/2021,269,178,,,,,550,348,,,,
06/11/2021,316,186,,,,,582,374,,,,
07/11/2021,313,204,,,,,619,405,,,,
08/11/2021,251,180,,,,,610,416,,,,
09/11/2021,229,156,,,,,406,265,,,,
10/11/2021,223,152,,,,,481,360,,,,
11/11/2021,244,179,,,,,534,290,,,,
12/11/2021,227,172,,,,,420,259,,,,
13/11/2021,246,181,,,,,382,194,,,,
14/11/2021,229,202,,,,,462,257,,,,
15/11/2021,355,273,,,,,375,210,,,,
16/11/2021,283,244,,,,,541,395,,,,
17/11/2021,298,259,,,,,483,280,,,,
18/11/2021,280,220,,,,,518,328,,,,
19/11/2021,264,213,,,,,481,293,,,,
20/11/2021,292,198,,,,,404,227,,,,
21/11/2021,225,167,,,,,378,187,,,,
22/11/2021,207,130,,,,,312,199,,,,
23/11/2021,195,144,,,,,393,187,,,,
24/11/2021,251,157,,,,,430,258,,,,
25/11/2021,320,213,,,,,486,285,,,,
26/11/2021,264,183,,,,,610,379,,,,
27/11/2021,273,166,,,,,422,280,,,,
28/11/2021,249,158,,,,,412,253,,,,
29/11/2021,272,186,,,,,425,224,,,,
30/11/2021,253,170,,,,,427,288,,,,
01/12/2021,243,129,,,,,420,268,,,,
02/12/2021,262,188,,,,,459,264,,,,
03/12/2021,473,266,,,,,462,352,,,,
04/12/2021,294,184,,,,,875,660,,,,
05/12/2021,292,175,,,,,482,331,,,,
06/12/2021,249,161,,,,,539,345,,,,
07/12/2021,271,159,,,,,469,258,,,,
08/12/2021,273,169,,,,,415,202,,,,
09/12/2021,291,170,,,,,340,188,,,,
10/12/2021,306,188,,,,,461,255,,,,
11/12/2021,333,239,,,,,440,249,,,,
12/12/2021,330,239,,,,,343,206,,,,
13/12/2021,310,207,,,,,573,390,,,,
14/12/2021,286,216,,,,,488,318,,,,
15/12/2021,217,155,,,,,392,261,,,,
16/12/2021,258,223,,,,,283,190,,,,
17/12/2021,292,233,,,,,354,286,,,,
18/12/2021,295,238,,,,,353,238,,,,
19/12/2021,280,222,,,,,364,240,,,,
20/12/2021,255,215,,,,,374,228,,,,
21/12/2021,264,227,,,,,324,229,,,,
22/12/2021,243,167,,,,,351,231,,,,
23/12/2021,283,192,,,,,341,213,,,,
24/12/2021,223,167,,,,,329,207,,,,
25/12/2021,291,204,,,,,225,119,,,,
26/12/2021,257,195,,,,,346,205,,,,
27/12/2021,216,164,,,,,326,179,,,,
28/12/2021,212,154,,,,,293,227,,,,
29/12/2021,236,166,,,,,304,199,,,,
30/12/2021,233,174,,,,,345,216,,,,
31/12/2021,241,202,,,,,310,199,,,,
01/01/2022,185,129,,,,,298,184,,,,
02/01/2022,174,122,,,,,226,133,,,,
03/01/2022,172,115,,,,,291,174,,,,
04/01/2022,242,159,,,,,251,151,,,,
05/01/2022,350,201,,,,,397,240,,,,
06/01/2022,446,247,,,,,538,397,,,,
07/01/2022,328,184,,,,,687,451,,,,
08/01/2022,166,121,,,,,511,318,,,,
09/01/2022,178,103,,,,,249,167,,,,
10/01/2022,180,111,,,,,298,175,,,,
11/01/2022,166,115,,,,,220,149,,,,
12/01/2022,146,83,,,,,279,151,,,,
13/01/2022,162,108,,,,,199,86,,,,
14/01/2022,149,107,,,,,176,87,,,,
15/01/2022,143,86,,,,,224,108,,,,
16/01/2022,165,122,,,,,231,150,,,,
17/01/2022,170,115,,,,,259,149,,,,
18/01/2022,180,130,,,,,331,187,,,,
19/01/2022,194,120,,,,,298,153,,,,
20/01/2022,643,370,,,,,335,214,,,,
21/01/2022,910,421,,,,,1159,800,,,,
22/01/2022,291,150,,,,,1562,975,,,,
23/01/2022,678,274,,,,,524,247,,,,
24/01/2022,253,156,,,,,1088,580,,,,
25/01/2022,210,137,,,,,377,207,,,,
26/01/2022,201,137,,,,,338,201,,,,
27/01/2022,182,122,,,,,261,177,,,,
28/01/2022,181,114,,,,,228,137,,,,
29/01/2022,188,131,,,,,278,183,,,,
30/01/2022,179,108,,,,,245,140,,,,
31/01/2022,179,108,,,,,252,146,,,,
01/02/2022,168,133,,,,,256,159,,,,
02/02/2022,168,114,,,,,216,131,,,,
03/02/2022,160,117,,,,,249,152,,,,
04/02/2022,181,121,,,,,355,241,,,,
05/02/2022,274,155,,,,,461,230,,,,
06/02/2022,228,158,,,,,349,173,,,,
07/02/2022,208,129,,,,,295,176,,,,
08/02/2022,206,123,,,,,272,174,,,,
09/02/2022,231,123,,,,,305,140,,,,
10/02/2022,244,200,,,,,303,200,,,,
11/02/2022,252,207,,,,,320,190,,,,
12/02/2022,291,188,,,,,377,202,,,,
13/02/2022,275,202,,,,,324,176,,,,
14/02/2022,252,179,,,,,350,173,,,,
15/02/2022,250,180,,,,,332,204,,,,
16/02/2022,218,164,,,,,242,149,,,,
17/02/2022,206,167,,,,,261,174,,,,
18/02/2022,186,155,,,,,227,140,,,,
19/02/2022,201,128,,,,,267,145,,,,
20/02/2022,297,194,,,,,450,241,,,,
21/02/2022,203,133,,,,,295,202,,,,
22/02/2022,260,139,,,,,424,259,,,,
23/02/2022,204,166,,,,,241,162,,,,
24/02/2022,453,233,,,,,901,632,,,,
25/02/2022,263,197,,,,,367,294,,,,
26/02/2022,300,190,,,,,359,201,,,,
27/02/2022,263,165,,,,,301,206,,,,
28/02/2022,225,148,,,,,302,215,,,,
01/03/2022,291,196,,,,,417,302,,,,
02/03/2022,294,199,,,,,400,289,,,,
03/03/2022,274,182,,,,,367,315,,,,
04/03/2022,356,276,,,,,458,329,,,,
05/03/2022,521,392,,,,,462,329,,,,
06/03/2022,558,448,,,,,427,311,,,,
07/03/2022,343,243,,,,,499,338,,,,
08/03/2022,342,254,,,,,387,334,,,,
09/03/2022,294,185,,,,,428,349,,,,
10/03/2022,292,219,,,,,426,273,,,,
11/03/2022,311,219,,,,,366,275,,,,
12/03/2022,459,356,,,,,424,267,,,,
13/03/2022,295,215,,,,,341,237,,,,
14/03/2022,331,237,,,,,416,337,,,,
15/03/2022,268,184,,,,,391,306,,,,
16/03/2022,279,193,,,,,389,374,,,79,121
17/03/2022,238,146,,,,,338,243,,,72,102
18/03/2022,200,136,,,,,324,263,,,67,82
19/03/2022,312,219,,,,,437,357,,,86,96
20/03/2022,291,200,,,,,372,270,,,51,45
21/03/2022,220,151,,,,,341,283,,,66,76
22/03/2022,277,182,,,,,400,301,,,67,63
23/03/2022,238,158,,,,,364,258,,,68,82
24/03/2022,254,181,,,,,429,338,,,69,66
25/03/2022,206,126,,,,,538,444,,,77,87
26/03/2022,212,143,,,,,538,425,,,63,61
27/03/2022,262,175,,,,,789,679,,,94,110
28/03/2022,291,191,,,,,559,453,,,83,82
29/03/2022,260,149,,,,,535,404,,,82,71
30/03/2022,243,127,,,,,447,339,,,61,63
31/03/2022,201,128,,,,,362,276,,,52,58
01/04/2022,155,107,,,,,337,302,,,79,102
02/04/2022,176,134,,,,,353,247,,,78,77
03/04/2022,197,115,,,,,373,271,,,59,45
04/04/2022,170,163,,,,,351,240,,,55,36
05/04/2022,144,127,,,,,342,246,,,57,40
06/04/2022,200,206,,,,,403,399,,,80,51
07/04/2022,189,176,,,,,378,341,,,56,50
08/04/2022,157,114,,,,,355,317,,,60,44
09/04/2022,167,109,,,,,388,311,,,45,51
10/04/2022,187,113,,,,,506,403,,,53,47
11/04/2022,250,178,,,,,507,428,,,77,76
12/04/2022,171,134,,,,,412,332,,,70,77
13/04/2022,149,97,,,,,365,323,,,89,101
14/04/2022,173,105,,,,,294,237,,,142,141
15/04/2022,164,113,,,,,336,261,,,294,319
16/04/2022,204,125,,,,,390,298,,,204,243
17/04/2022,193,121,,,,,450,416,,,230,275
18/04/2022,206,112,,,,,494,403,,,183,209
19/04/2022,177,123,,,,,341,266,,,282,283
20/04/2022,191,130,,,,,280,191,,,1285,1194
21/04/2022,157,136,,,,,309,237,,,238,236
22/04/2022,173,114,,,,,350,237,,,178,172
23/04/2022,128,75,,,,,366,260,,,223,160
24/04/2022,157,80,,,,,387,321,,,203,190
25/04/2022,225,142,,,,,417,352,,,177,159
26/04/2022,212,145,,,,,395,293,,,239,236
27/04/2022,186,123,,,,,345,280,,,630,646
28/04/2022,159,89,,,,,360,271,,,855,804
29/04/2022,189,127,,,,,379,280,,,717,677
30/04/2022,200,103,,,,,446,330,,,706,857
01/05/2022,163,86,,,,,331,264,,,278,206
02/05/2022,156,96,,,,,302,223,,,469,447
03/05/2022,155,98,,,,,312,226,,,391,283
04/05/2022,155,90,,,,,401,314,,,865,641
05/05/2022,193,124,,,,,454,384,,,429,371
06/05/2022,248,142,,,,,1083,968,,,528,552
07/05/2022,242,132,,,,,2730,2646,,,659,686
08/05/2022,417,213,,,,,2773,2638,,,1211,1230
09/05/2022,693,388,,,,,1887,1464,,,1760,1177
10/05/2022,387,201,,,,,915,745,,,534,396
11/05/2022,705,295,,,,,1460,1017,,,394,281
12/05/2022,1074,439,,,,,1973,1397,,,397,218
13/05/2022,407,189,,,,,1021,672,,,278,210
14/05/2022,372,168,,,,,854,592,,,466,358
15/05/2022,325,190,,,,,977,742,,,577,525
16/05/2022,291,194,,,,,809,627,,,744,544
17/05/2022,232,156,,,,,490,445,,,433,376
18/05/2022,284,204,,,,,670,564,,,342,325
19/05/2022,407,172,,,,,658,514,,,842,637
20/05/2022,227,145,,,,,541,432,,,436,378
21/05/2022,225,136,,,,,530,441,,,566,553
22/05/2022,199,129,,,,,464,369,,,711,622
23/05/2022,209,168,,,,,477,412,,,603,494
24/05/2022,214,156,,,,,429,347,,,429,368
25/05/2022,173,131,,,,,429,314,,,451,322
26/05/2022,335,180,,,,,748,434,,,384,282
27/05/2022,410,193,,,,,695,478,,,459,366
28/05/2022,226,99,,,,,518,424,,,387,323
29/05/2022,189,106,,,,,478,382,,,320,236
30/05/2022,203,175,,,,,446,413,,,510,475
31/05/2022,167,112,,,,,378,262,,,514,428
01/06/2022,172,120,,,,,366,287,,,681,633
02/06/2022,129,98,,,,,422,354,,,600,530
03/06/2022,150,139,,,,,318,253,,,585,549
04/06/2022,140,103,,,,,443,396,,,783,670
05/06/2022,124,82,,,,,382,333,,,789,666
06/06/2022,141,96,,,,,415,325,,,733,667
07/06/2022,157,119,,,,,471,414,,,894,796
08/06/2022,107,111,,,,,308,229,,,695,622
09/06/2022,128,88,,,,,297,199,,,891,741
10/06/2022,243,128,,,,,665,489,,,531,399
11/06/2022,665,283,,,,,1355,891,,,998,763
12/06/2022,706,250,,,,,1126,836,,,869,639
13/06/2022,1380,597,,,,,2329,1654,,,771,442
14/06/2022,783,373,,,,,1269,961,,,600,327
15/06/2022,799,384,,,,,1422,1082,,,601,371
16/06/2022,362,211,,,,,692,675,,,1589,1684
17/06/2022,392,220,,,,,619,505,,,1387,1314
18/06/2022,1011,467,,,,,1274,1062,,,659,434
19/06/2022,467,255,,,,,838,895,,,545,361
20/06/2022,261,203,,,,,692,689,,,513,399
21/06/2022,197,173,,,,,524,467,,,1849,2331
22/06/2022,187,168,,,,,499,473,,,1084,747
23/06/2022,147,111,,,,,377,340,,,691,449
24/06/2022,192,137,,,,,460,428,,,501,340
25/06/2022,140,104,,,,,320,308,,,453,386
26/06/2022,153,105,,,,,334,314,,,567,419
27/06/2022,184,123,,,,,335,258,,,486,340
28/06/2022,159,161,,,,,362,370,,,261,127
29/06/2022,162,132,,,,,367,324,,,130,73
30/06/2022,209,204,,,,,454,400,,,238,153
01/07/2022,213,200,,,,,490,448,,,364,221
02/07/2022,313,222,,,,,564,484,,,396,195
03/07/2022,229,151,,,,,609,524,,,429,244
04/07/2022,259,166,,,,,459,418,,,383,309
05/07/2022,210,185,,,,,484,424,,,364,291
06/07/2022,199,143,,,,,411,335,,,332,195
07/07/2022,187,127,,,,,478,396,,,342,290
08/07/2022,229,110,,,,,425,352,,,303,228
09/07/2022,218,111,,,,,513,412,,,296,253
10/07/2022,293,151,,,,,475,406,,,277,244
11/07/2022,186,130,,,,,367,289,,,266,223
12/07/2022,261,189,,,,,437,390,,,901,780
13/07/2022,212,339,,,,,487,435,,,1591,1487
14/07/2022,232,303,,,,,469,417,,,1678,1587
15/07/2022,181,237,,,,,509,461,,,1215,1118
16/07/2022,230,233,,,,,578,491,,,1387,1251
17/07/2022,188,183,,,,,526,444,,,1722,1667
18/07/2022,256,262,,,,,602,526,,,1540,1128
19/07/2022,217,196,,,,,519,409,,,783,469
20/07/2022,201,178,,,,,481,406,,,863,307
21/07/2022,174,179,,,,,519,447,,,477,230
22/07/2022,204,157,,,,,621,548,,,348,174
23/07/2022,206,138,,,,,576,531,,,317,208
24/07/2022,238,155,,,,,724,636,,,349,218
25/07/2022,197,160,,,,,590,515,,,306,286
26/07/2022,191,174,,,,,399,333,,,402,339
27/07/2022,246,218,,,,,638,642,,,378,332
28/07/2022,248,216,,,,,593,518,,,500,365
29/07/2022,185,189,,,,,499,416,,,624,463
30/07/2022,261,184,,,,,637,541,,,619,433
31/07/2022,227,167,,,,,595,569,,,529,427
01/08/2022,195,157,,,,,509,475,,,523,348
02/08/2022,190,146,,,,,552,496,,,608,424
03/08/2022,190,141,,,,,550,443,,,572,414
04/08/2022,177,156,,,,,431,327,,,441,347
05/08/2022,173,124,,,,,553,456,,,410,276
06/08/2022,162,150,,,,,588,475,,,480,434
07/08/2022,192,140,,,,,628,562,,,524,414
08/08/2022,179,165,,,,,605,539,,,735,695
09/08/2022,169,135,,,,,486,423,,,2870,2845
10/08/2022,175,132,,,,,533,489,,,1097,998
11/08/2022,215,162,,,,,559,525,,,1294,1207
12/08/2022,188,119,,,,,604,502,,,452,349
13/08/2022,234,185,,,,,886,750,,,375,264
14/08/2022,197,189,,,,,830,706,,,309,274
15/08/2022,180,146,,,,,531,493,,,453,314
16/08/2022,184,149,,,,,557,471,,,314,220
17/08/2022,198,177,,,,,620,523,,,329,206
18/08/2022,163,127,,,,,513,375,,,270,221
19/08/2022,214,174,,,,,636,607,,,345,321
20/08/2022,231,149,,,,,687,660,,,272,226
21/08/2022,267,123,,,,,689,699,,,323,275
22/08/2022,153,122,,,,,526,486,,,358,279
23/08/2022,144,166,,,,,472,412,,,241,196
24/08/2022,147,130,,,,,591,519,,,2660,2643
25/08/2022,144,130,,,,,494,481,,,2008,1941
26/08/2022,213,236,65,86,,,650,630,,,2375,2421
27/08/2022,252,133,22,25,,,745,748,,,3875,4174
28/08/2022,202,122,22,23,,,718,707,,,3175,3005
29/08/2022,189,127,13,12,,,578,524,,,2071,1870
30/08/2022,143,130,9,12,,,436,414,,,724,512
31/08/2022,95,76,11,12,,,431,383,,,952,789
01/09/2022,121,100,13,17,,,478,443,,,617,428
02/09/2022,114,76,9,10,,,571,584,,,1072,844
03/09/2022,129,83,9,9,,,588,579,,,957,784
04/09/2022,124,60,4,7,,,620,563,,,1012,947
05/09/2022,114,81,9,14,,,709,669,,,857,766
06/09/2022,135,100,11,13,,,889,972,,,855,670
07/09/2022,267,173,13,22,,,630,589,,,714,466
08/09/2022,179,151,16,14,,,461,341,,,628,439
09/09/2022,185,134,14,16,,,535,473,,,538,424
10/09/2022,201,141,19,23,,,517,436,,,447,296
11/09/2022,184,109,29,29,,,602,480,,,481,340
12/09/2022,228,147,21,34,,,557,455,,,513,440
13/09/2022,283,260,32,30,,,731,670,,,1206,1043
14/09/2022,333,297,51,49,,,928,777,,,5248,5227
15/09/2022,364,291,50,58,,,970,835,,,525,438
16/09/2022,244,208,56,67,,,709,582,,,486,1908
17/09/2022,203,180,26,42,,,710,647,,,1428,1485
18/09/2022,276,213,22,33,,,765,674,,,2311,2211
19/09/2022,285,256,31,28,,,824,804,,,1436,1373
20/09/2022,216,216,24,25,,,567,565,,,688,607
21/09/2022,251,197,38,39,,,661,618,,,2815,2227
22/09/2022,200,187,26,24,,,607,611,,,4841,1104
23/09/2022,169,174,28,38,,,517,572,,,483,386
24/09/2022,189,168,28,30,,,457,455,,,435,374
25/09/2022,147,118,22,37,,,449,408,,,606,627
26/09/2022,148,188,34,41,,,474,356,,,532,558
27/09/2022,150,132,27,35,,,440,438,,,549,709
28/09/2022,137,109,27,26,,,451,450,,,580,652
29/09/2022,129,113,26,22,,,401,354,,,405,475
30/09/2022,132,129,18,21,,,375,368,,,540,514
01/10/2022,136,98,17,17,,,469,408,,,523,394
02/10/2022,290,247,26,24,,,651,592,,,568,522
03/10/2022,122,98,18,17,,,410,363,,,519,345
04/10/2022,143,117,35,47,,,407,379,,,419,328
05/10/2022,413,216,33,33,,,540,452,,,452,387
06/10/2022,191,124,31,26,,,494,413,,,631,431
07/10/2022,154,118,22,22,,,567,530,,,504,333
08/10/2022,131,114,16,17,,,383,336,,,607,545
09/10/2022,73,74,8,15,,,196,160,,,404,345
10/10/2022,90,62,23,28,,,272,209,,,420,362
11/10/2022,116,95,23,37,,,332,282,,,492,339
12/10/2022,115,104,23,24,,,354,286,,,440,379
13/10/2022,161,160,28,28,,,548,566,,,579,441
14/10/2022,128,116,21,19,,,376,359,,,545,469
15/10/2022,106,76,16,16,,,282,224,,,404,258
16/10/2022,94,69,13,13,,,297,262,,,502,498
17/10/2022,122,103,22,26,,,355,346,,,482,426
18/10/2022,124,125,19,18,,,345,350,,,509,464
19/10/2022,124,109,10,7,,,351,250,,,574,537
20/10/2022,104,92,13,7,,,267,226,,,674,600
21/10/2022,131,78,18,13,,,301,258,,,743,695
22/10/2022,92,68,13,11,,,311,259,,,985,1087
23/10/2022,119,77,24,21,,,418,348,,,1107,1088
24/10/2022,101,83,14,9,,,408,327,,,980,894
25/10/2022,147,142,29,37,,,503,521,,,1426,1263
26/10/2022,167,158,28,20,,,614,588,,,1264,1176
27/10/2022,174,144,24,15,,,504,442,,,924,862
28/10/2022,120,136,24,20,,,477,460,,,869,796
29/10/2022,158,108,23,20,,,536,521,,,891,909
30/10/2022,145,110,22,20,,,569,561,,,949,856
31/10/2022,136,87,23,33,,,510,487,,,873,866
01/11/2022,151,111,24,18,,,480,418,,,1052,1073
02/11/2022,132,123,21,14,,,469,452,,,1133,1226
03/11/2022,117,86,18,17,,,366,294,,,1183,1156
04/11/2022,153,114,20,15,,,481,448,,,1162,1124
05/11/2022,127,104,23,18,,,470,401,,,1280,1361
06/11/2022,103,99,13,12,,,447,407,,,1385,1499
07/11/2022,138,119,28,31,,,510,554,,,936,1043
08/11/2022,239,215,54,67,,,814,983,,,1339,1508
09/11/2022,522,464,79,56,,,1379,1594,,,3661,4078
10/11/2022,363,379,64,57,,,1105,1678,,,6534,7286
11/11/2022,215,190,30,37,,,766,879,,,4197,4349
12/11/2022,205,146,33,26,,,711,715,,,3419,3536
13/11/2022,174,121,32,31,,,607,669,,,2841,2854
14/11/2022,228,163,52,38,,,741,791,,,1922,2043
15/11/2022,155,127,46,42,,,591,636,,,1806,1814
16/11/2022,192,134,32,26,,,673,739,,,1750,1804
17/11/2022,201,429,45,96,,,744,1204,,,1433,1495
18/11/2022,237,729,41,70,,,651,1369,,,1178,1246
19/11/2022,194,494,41,62,,,673,1299,,,2238,5519
20/11/2022,211,453,55,89,,,798,1327,,,2999,10338
21/11/2022,278,464,50,56,,,998,1497,,,3275,11827
22/11/2022,263,360,56,68,,,1332,1861,,,6553,11979
23/11/2022,198,412,42,52,,,803,1128,,,5626,12297
24/11/2022,157,288,34,44,,,685,941,,,3309,9497
25/11/2022,192,284,40,46,,,681,950,,,2966,10085
26/11/2022,145,336,38,34,,,541,901,,,2484,8212
27/11/2022,124,356,25,42,,,503,740,,,2387,7421
28/11/2022,186,359,36,33,,,585,687,,,4389,10531
29/11/2022,166,296,34,52,,,549,712,,,10544,17486
30/11/2022,205,364,35,41,,,637,831,,,8493,16566
01/12/2022,156,308,31,31,,,530,708,,,2012,7887
02/12/2022,162,317,29,40,,,497,715,,,2089,9872
03/12/2022,135,349,29,34,,,482,1022,,,2226,13009
04/12/2022,110,212,23,21,,,446,788,,,3313,15181
05/12/2022,128,227,32,34,,,504,539,,,6371,7146
06/12/2022,123,150,35,36,,,465,353,,,2441,2863
07/12/2022,152,324,37,41,,,442,583,,,1136,1289
08/12/2022,143,282,43,38,,,469,507,,,1091,1204
09/12/2022,112,147,23,23,,,319,284,,,803,812
10/12/2022,98,161,20,19,,,260,278,,,3227,5595
11/12/2022,86,106,25,22,,,320,328,,,4771,7521
12/12/2022,104,107,32,27,,,380,425,,,1016,1939
13/12/2022,145,194,30,21,,,563,580,,,1057,1560
14/12/2022,129,163,32,53,,,455,462,,,1232,1393
15/12/2022,125,134,34,37,,,437,375,,,7809,8887
16/12/2022,162,161,45,45,,,480,490,,,4773,3657
17/12/2022,135,157,41,69,,,384,489,,,5046,2938
18/12/2022,96,126,29,26,,,308,312,,,2822,2267
19/12/2022,135,142,36,28,,,394,385,,,1839,1942
20/12/2022,85,108,27,35,,,382,406,,,1462,1684
21/12/2022,99,140,24,16,,,368,429,,,801,1090
22/12/2022,111,168,25,29,,,374,418,,,856,969
23/12/2022,98,140,20,12,,,318,369,,,1159,1232
24/12/2022,100,154,28,23,,,277,324,,,834,1270
25/12/2022,103,127,18,16,,,278,282,,,877,1108
26/12/2022,92,187,23,15,,,285,324,,,676,1035
27/12/2022,104,121,20,32,,,356,386,,,575,819
28/12/2022,131,120,30,28,,,350,298,,,735,1045
29/12/2022,126,125,31,29,,,307,279,,,1041,1903
30/12/2022,133,133,23,28,,,330,317,,,1153,2368
31/12/2022,109,97,16,15,,,292,269,,,1224,1613
01/01/2023,76,75,17,14,,,232,257,,,888,1073
02/01/2023,91,90,16,18,,,329,286,,,2276,2443
03/01/2023,85,98,28,28,,,316,299,,,6584,6758
04/01/2023,116,115,23,22,,,366,336,,,2258,2256
05/01/2023,81,67,30,26,,,323,252,,,1945,1930
06/01/2023,99,120,26,20,,,320,289,,,1082,1049
07/01/2023,79,88,19,42,,,279,273,,,736,763
08/01/2023,76,102,18,23,,,255,264,,,2440,2588
09/01/2023,122,114,46,49,,,419,357,,,1270,1506
10/01/2023,101,85,30,34,,,347,307,,,1190,1524
11/01/2023,105,83,36,39,,,327,298,,,886,1284
12/01/2023,117,143,51,61,,,512,482,,,1568,1669
13/01/2023,143,143,49,54,,,460,420,,,1144,1060
14/01/2023,145,133,63,67,,,657,587,,,826,1413
15/01/2023,128,105,50,57,,,413,385,,,1000,1370
16/01/2023,130,110,49,47,,,507,495,,,981,1456
17/01/2023,110,113,38,24,,,424,333,,,678,829
18/01/2023,127,145,35,52,,,458,417,,,785,1029
19/01/2023,113,124,41,44,,,382,409,,,759,968
20/01/2023,106,96,37,42,,,450,377,,,1815,2019
21/01/2023,121,125,53,62,,,526,478,,,1941,2096
22/01/2023,116,113,44,38,,,424,391,,,612,1449
23/01/2023,119,94,42,55,,,431,403,,,705,1216
24/01/2023,103,84,82,108,,,424,342,,,663,1034
25/01/2023,105,114,72,76,,,466,450,,,733,1432
26/01/2023,91,67,51,50,,,439,387,,,2199,2725
27/01/2023,106,132,47,50,,,374,307,113,170,4263,4643
28/01/2023,90,91,45,36,,,385,254,135,183,4876,3369
29/01/2023,103,103,58,54,,,377,247,134,169,3999,4674
30/01/2023,114,182,54,39,,,404,356,126,146,3744,3805
31/01/2023,111,280,48,48,,,303,253,110,140,2865,2581
01/02/2023,101,106,36,39,,,360,289,91,108,4235,2666
02/02/2023,114,99,59,54,,,426,367,114,125,2188,2595
03/02/2023,86,46,49,73,,,302,232,76,92,2455,2448
04/02/2023,79,60,33,31,,,323,238,97,103,1481,1551
05/02/2023,98,59,35,38,,,293,208,106,110,1273,1475
06/02/2023,88,67,43,49,,,269,216,110,127,2660,2603
07/02/2023,87,72,51,79,,,293,231,95,111,2571,2650
08/02/2023,86,79,40,33,,,295,166,87,86,2684,2591
09/02/2023,92,122,71,60,,,275,200,113,138,2579,2496
10/02/2023,99,85,50,58,,,363,294,132,168,2741,2672
11/02/2023,80,65,34,33,,,301,208,130,152,1388,1579
12/02/2023,75,52,32,37,,,271,210,130,142,1562,1807
13/02/2023,99,87,51,42,,,404,426,143,156,4174,3879
14/02/2023,77,89,47,44,,,339,286,135,162,4445,3406
15/02/2023,84,53,50,40,,,318,257,128,130,2628,3748
16/02/2023,113,81,55,60,,,387,293,143,132,4165,3884
17/02/2023,93,91,44,36,,,286,205,133,124,2990,2441
18/02/2023,89,60,43,28,,,255,202,102,106,2432,2875
19/02/2023,92,88,46,27,,,247,205,137,139,3843,3591
20/02/2023,103,80,50,64,,,283,246,138,170,3785,2429
21/02/2023,94,78,76,72,,,259,252,137,153,2588,2746
22/02/2023,93,170,212,204,,,239,267,117,118,3081,2402
23/02/2023,65,75,136,140,,,224,187,109,95,2656,2535
24/02/2023,79,88,133,135,,,239,298,110,112,4038,4322
25/02/2023,75,126,222,212,,,230,277,126,179,4935,6242
26/02/2023,83,141,175,171,,,220,250,125,139,1310,1182
27/02/2023,89,124,115,127,,,252,210,131,157,3224,2963
28/02/2023,84,104,87,87,,,240,216,126,156,4007,3716
01/03/2023,64,55,79,73,,,260,260,132,162,3418,2903
02/03/2023,76,79,51,45,,,198,154,123,158,3335,3103
03/03/2023,77,68,83,67,,,265,202,157,162,3373,3127
04/03/2023,86,84,58,51,,,229,204,115,141,2753,2341
05/03/2023,62,74,117,110,,,171,167,105,119,1735,1523
06/03/2023,77,62,58,50,,,187,145,104,138,1609,1345
07/03/2023,73,80,49,41,,,216,149,122,133,1906,1667
08/03/2023,91,72,69,65,,,246,190,121,120,1902,1620
09/03/2023,135,105,92,108,,,337,320,169,166,2161,1934
10/03/2023,208,175,138,107,,,600,624,295,275,2327,2573
11/03/2023,325,197,172,57,,,1172,3125,782,1069,2988,4080
12/03/2023,181,139,180,172,,,739,1467,526,629,1908,2453
13/03/2023,191,148,112,116,,,774,988,503,445,2424,2421
14/03/2023,140,114,84,89,,,556,498,319,278,2178,2097
15/03/2023,113,71,73,70,,,449,392,270,227,1623,1714
16/03/2023,102,60,60,47,,,380,239,257,253,1595,1422
17/03/2023,112,98,84,82,,,444,369,472,474,1534,1416
18/03/2023,139,125,100,89,,,425,293,250,224,1027,1155
19/03/2023,139,149,99,113,,,386,331,434,442,1423,1287
20/03/2023,118,90,77,75,,,378,299,223,203,1730,1618
21/03/2023,98,80,85,97,,,318,249,191,192,1193,1398
22/03/2023,109,98,68,69,,,343,278,210,176,3723,1324
23/03/2023,92,86,64,60,,,309,193,192,167,1254,1239
24/03/2023,97,73,83,85,,,263,211,187,148,2296,1229
25/03/2023,76,51,93,109,,,213,189,151,171,1074,954
26/03/2023,98,117,100,100,,,217,209,149,202,1007,895
27/03/2023,99,65,87,88,,,216,207,161,205,1161,1421
28/03/2023,85,52,62,57,,,219,153,164,177,1213,986
29/03/2023,95,76,52,46,,,238,168,150,130,947,1054
30/03/2023,83,59,51,49,,,214,152,132,94,1135,1321
31/03/2023,96,71,70,78,,,231,164,139,125,1068,1098
01/04/2023,80,58,86,77,,,197,120,150,164,840,789
02/04/2023,88,51,73,64,,,204,164,136,127,852,816
03/04/2023,87,66,62,74,,,225,148,165,156,937,1017
04/04/2023,79,67,59,51,,,208,142,156,124,1000,859
05/04/2023,98,76,46,33,,,230,165,131,88,1140,982
06/04/2023,63,46,39,29,,,224,142,143,102,863,959
07/04/2023,80,59,62,66,,,173,135,136,133,769,649
08/04/2023,67,32,80,75,,,165,131,138,125,689,627
09/04/2023,68,55,65,70,,,181,246,134,125,633,579
10/04/2023,83,48,65,48,,,243,232,156,142,811,885
11/04/2023,88,72,67,53,,,265,211,169,171,882,877
12/04/2023,87,68,80,88,,,260,240,204,256,812,831
13/04/2023,91,49,73,78,,,349,258,241,201,1299,1217
14/04/2023,97,59,66,73,,,388,301,264,229,1301,1004
15/04/2023,60,30,58,57,,,188,194,162,138,703,529
16/04/2023,77,59,56,51,,,218,157,165,146,677,824
17/04/2023,71,48,76,57,,,225,146,166,140,731,1067
18/04/2023,73,26,37,34,,,225,135,146,144,727,952
19/04/2023,73,37,37,38,,,171,107,143,104,812,771
20/04/2023,62,29,41,24,,,222,137,151,112,649,763
21/04/2023,88,37,58,40,,,251,214,201,145,792,786
22/04/2023,55,23,38,28,,,158,114,138,111,651,598
23/04/2023,49,18,27,23,,,118,82,122,86,567,615
24/04/2023,59,24,44,38,,,161,129,134,84,677,674
25/04/2023,53,35,50,30,,,203,139,157,138,727,785
26/04/2023,70,46,48,42,,,181,158,178,130,669,751
27/04/2023,69,35,56,59,,,177,128,156,121,560,564
28/04/2023,53,28,47,42,,,149,91,132,93,570,578
29/04/2023,41,18,27,34,,,115,74,109,80,506,481
30/04/2023,48,28,26,23,,,127,96,95,61,572,441
01/05/2023,72,28,33,22,,,146,116,123,99,552,525
02/05/2023,64,31,42,29,,,122,82,86,68,442,618
03/05/2023,49,21,28,14,,,144,80,117,87,469,710
04/05/2023,51,29,29,19,,,136,77,93,73,512,908
05/05/2023,36,23,21,17,,,91,77,69,56,489,648
06/05/2023,39,17,19,9,,,84,80,58,44,456,553
07/05/2023,31,16,15,11,,,68,50,66,44,408,570
08/05/2023,65,26,33,14,,,162,114,103,65,528,750
09/05/2023,63,19,39,38,,,167,101,115,64,487,534
10/05/2023,63,42,27,19,,,165,108,112,94,570,682
11/05/2023,64,19,30,26,,,148,132,105,73,560,626
12/05/2023,72,33,47,44,,,210,167,152,112,633,745
13/05/2023,42,17,32,34,1,1,132,115,97,87,427,469
14/05/2023,40,17,32,26,1,1,126,80,106,77,407,463
15/05/2023,40,18,33,26,88,123,153,94,100,56,435,524
16/05/2023,32,11,33,19,51,62,140,66,90,56,434,516
17/05/2023,56,17,30,18,39,49,143,114,121,93,486,605
18/05/2023,36,18,39,28,28,31,141,95,113,85,442,678
19/05/2023,46,13,27,19,30,34,124,79,101,71,389,525
20/05/2023,59,87,40,38,30,34,119,96,99,129,379,395
21/05/2023,71,115,33,34,28,27,149,94,122,166,368,520
22/05/2023,50,48,24,26,34,39,135,94,94,82,408,568
23/05/2023,68,69,39,29,35,39,133,90,111,82,434,581
24/05/2023,80,46,48,39,28,28,152,125,135,107,460,724
25/05/2023,54,40,43,34,34,48,163,98,115,86,466,605
26/05/2023,58,44,35,38,23,27,166,101,124,102,366,532
27/05/2023,45,37,46,46,23,22,142,88,112,104,313,394
28/05/2023,65,70,37,36,20,25,143,144,130,126,456,489
29/05/2023,55,36,29,20,32,27,158,107,117,85,553,602
30/05/2023,50,24,31,16,23,18,143,109,112,83,472,537
31/05/2023,61,33,36,31,29,27,158,105,157,213,661,700
01/06/2023,52,32,35,25,26,26,163,112,121,105,451,581
02/06/2023,55,49,42,47,19,10,173,141,130,137,513,554
03/06/2023,58,53,26,18,27,22,114,87,108,113,488,544
04/06/2023,43,40,38,38,24,21,146,83,126,132,503,538
05/06/2023,81,60,48,40,30,27,217,176,181,192,806,1040
06/06/2023,80,66,71,60,24,26,235,199,196,213,631,863
07/06/2023,79,65,57,52,28,28,208,146,181,182,571,801
08/06/2023,76,31,44,29,22,27,175,109,143,122,563,705
09/06/2023,59,30,38,36,62,51,169,101,135,110,541,626
10/06/2023,154,61,80,64,26,20,425,349,289,270,951,1079
11/06/2023,67,56,54,52,25,25,186,147,167,159,556,566
12/06/2023,73,55,52,38,25,23,227,196,223,197,596,617
13/06/2023,74,65,56,58,35,31,208,199,187,164,488,698
14/06/2023,91,57,70,76,52,72,284,255,272,231,770,1012
15/06/2023,125,90,78,72,21,36,404,522,391,442,863,1188
16/06/2023,66,58,61,52,26,37,216,227,170,165,646,819
17/06/2023,73,52,40,37,32,29,173,146,151,154,526,699
18/06/2023,71,59,27,23,25,32,137,123,132,134,456,527
19/06/2023,59,33,53,43,29,26,176,139,167,177,528,752
20/06/2023,80,53,57,55,38,33,221,233,193,217,622,826
21/06/2023,108,81,90,93,31,30,296,270,267,290,888,1184
22/06/2023,83,37,65,59,28,16,264,281,214,216,727,936
23/06/2023,77,57,50,49,30,24,230,205,173,178,664,1044
24/06/2023,42,24,33,39,21,35,182,136,145,124,469,581
25/06/2023,78,73,72,65,42,29,205,143,184,195,539,731
26/06/2023,72,47,52,65,40,35,217,142,201,197,586,787
27/06/2023,82,46,74,76,30,22,219,162,189,170,558,622
28/06/2023,65,48,50,40,34,32,222,201,197,165,552,630
29/06/2023,67,46,54,60,42,31,169,139,128,131,519,538
30/06/2023,88,52,65,59,31,35,200,160,219,244,642,870
01/07/2023,58,41,49,44,25,18,169,118,179,149,451,438
02/07/2023,69,57,51,48,38,39,202,162,161,170,474,492
03/07/2023,86,60,81,86,50,50,246,146,231,224,657,721
04/07/2023,56,46,52,61,36,37,161,106,173,165,627,526
05/07/2023,49,26,48,36,40,40,110,68,151,103,541,542
06/07/2023,75,43,58,56,28,44,170,99,180,164,619,799
07/07/2023,50,29,59,58,24,46,143,90,178,118,535,573
08/07/2023,50,23,58,66,28,31,126,70,132,102,473,487
09/07/2023,46,19,51,49,30,112,98,55,124,124,477,493
10/07/2023,52,31,56,53,48,149,170,91,155,148,562,637
11/07/2023,74,49,46,46,43,31,131,60,162,153,539,530
12/07/2023,69,56,85,83,57,60,161,105,176,176,764,813
13/07/2023,76,52,94,81,57,53,169,96,237,256,884,1048
14/07/2023,97,63,89,84,44,40,259,184,289,262,899,1095
15/07/2023,58,45,75,65,45,43,167,95,302,296,714,634
16/07/2023,79,59,76,84,42,40,148,76,260,243,628,576
17/07/2023,70,50,70,60,45,42,164,105,296,250,671,658
18/07/2023,58,23,57,62,51,59,127,76,210,191,581,535
19/07/2023,47,35,50,44,45,40,138,62,219,179,525,542
20/07/2023,50,33,61,47,36,30,150,71,261,237,545,544
21/07/2023,49,31,53,36,47,40,128,56,211,147,486,457
22/07/2023,38,25,48,46,35,24,113,70,200,157,473,432
23/07/2023,32,26,54,42,37,33,122,72,176,136,523,513
24/07/2023,70,40,48,38,32,22,140,91,193,157,653,769
25/07/2023,41,22,42,34,39,35,122,74,194,178,569,534
26/07/2023,56,39,46,36,37,26,140,112,199,148,778,779
27/07/2023,59,50,37,24,23,15,109,56,180,159,580,697
28/07/2023,50,37,38,35,43,36,120,59,166,127,549,511
29/07/2023,49,33,37,30,45,29,105,61,131,99,511,483
30/07/2023,53,27,49,31,70,75,277,98,340,280,772,785
31/07/2023,88,46,77,91,70,69,393,206,525,475,1057,932
01/08/2023,117,78,111,91,39,36,417,242,545,467,1353,1500
02/08/2023,86,50,64,60,54,48,250,138,320,292,866,931
03/08/2023,75,38,73,48,34,36,212,143,313,253,960,1063
04/08/2023,68,40,52,45,64,55,175,109,297,269,945,1227
05/08/2023,54,46,46,44,36,21,143,89,226,300,739,723
06/08/2023,54,24,54,45,43,38,170,95,213,198,690,659
07/08/2023,75,51,72,52,38,31,185,146,296,287,706,708
08/08/2023,65,52,70,53,41,47,162,104,274,258,791,896
09/08/2023,62,40,56,43,55,32,147,85,260,250,718,707
10/08/2023,55,24,37,33,45,31,149,79,272,233,679,710
11/08/2023,52,32,51,42,34,28,169,133,244,803,716,712
12/08/2023,49,34,48,36,45,37,122,72,194,174,651,590
13/08/2023,66,37,31,21,34,21,142,79,201,178,585,567
14/08/2023,54,34,35,23,33,27,144,81,263,211,693,732
15/08/2023,59,49,49,41,57,34,145,80,236,177,595,640
16/08/2023,65,35,59,32,97,76,127,70,219,185,656,646
17/08/2023,135,90,114,95,92,69,269,215,473,402,1251,1382
18/08/2023,95,66,116,88,56,34,272,234,460,420,1127,1199
19/08/2023,68,34,49,37,29,15,147,104,286,221,700,640
20/08/2023,47,27,32,26,38,22,123,79,228,160,591,522
21/08/2023,58,24,47,38,46,24,131,77,218,184,592,632
22/08/2023,66,33,48,32,35,31,169,92,328,183,781,801
23/08/2023,61,28,49,46,21,14,130,87,342,208,753,621
24/08/2023,52,23,45,32,31,24,133,105,306,186,591,512
25/08/2023,35,16,39,38,28,19,95,73,209,138,595,604
26/08/2023,44,16,35,27,29,25,119,77,237,140,522,422
27/08/2023,36,15,24,12,25,14,108,57,204,113,554,466
28/08/2023,43,22,30,17,33,42,101,52,224,161,544,493
29/08/2023,43,17,55,47,33,17,147,105,253,198,665,760
30/08/2023,51,20,47,36,33,19,129,107,275,196,648,565
31/08/2023,46,23,54,45,47,28,159,177,274,199,701,697
01/09/2023,71,29,75,57,67,59,167,216,325,238,975,981
02/09/2023,51,23,45,40,44,32,131,156,258,212,667,583
03/09/2023,66,18,51,40,30,40,137,100,198,172,527,452
04/09/2023,44,22,42,45,42,37,130,58,234,186,524,473
05/09/2023,52,23,58,49,48,38,119,74,202,154,805,724
06/09/2023,49,25,66,47,22,25,113,90,219,198,722,685
07/09/2023,45,17,35,39,44,33,92,72,199,163,559,611
08/09/2023,45,17,46,37,29,20,112,100,202,188,698,670
09/09/2023,35,14,33,22,44,28,94,59,180,128,477,473
10/09/2023,51,17,55,48,113,62,137,76,217,194,545,475
11/09/2023,93,49,76,54,54,52,223,194,398,288,994,946
12/09/2023,52,23,52,44,38,33,171,134,260,226,627,575
13/09/2023,53,40,49,54,25,23,148,105,225,195,533,496
14/09/2023,38,39,43,43,41,24,118,113,229,190,539,486
15/09/2023,44,21,53,55,39,26,136,99,239,207,527,529
16/09/2023,44,17,40,47,38,29,113,58,203,187,457,369
17/09/2023,49,18,42,45,30,28,103,58,222,209,423,402
18/09/2023,48,24,81,85,39,21,139,111,277,247,619,624
19/09/2023,52,21,65,45,44,28,150,89,276,229,597,597
20/09/2023,50,31,56,33,30,44,115,76,236,186,625,597
21/09/2023,54,14,74,66,37,22,134,86,262,208,603,624
22/09/2023,49,15,48,39,33,26,117,113,263,227,579,781
23/09/2023,51,19,43,41,40,31,118,69,257,247,491,471
24/09/2023,47,25,45,46,32,29,131,75,247,234,450,535
25/09/2023,53,47,54,43,40,30,138,108,281,234,619,794
26/09/2023,50,26,44,32,37,25,110,89,237,208,496,537
27/09/2023,52,20,44,42,34,25,127,107,297,210,569,636
28/09/2023,55,31,71,56,64,62,146,94,319,226,674,899
29/09/2023,52,19,61,45,46,56,165,98,309,256,624,654
30/09/2023,63,39,56,47,48,51,160,119,294,277,592,582
01/10/2023,58,20,53,41,46,54,145,67,330,289,908,862
02/10/2023,70,60,67,62,38,30,154,131,406,388,833,1080
03/10/2023,50,28,77,67,61,61,133,83,572,533,671,719
04/10/2023,56,24,67,99,42,40,163,133,303,220,662,732
05/10/2023,52,25,60,73,52,39,144,115,304,250,677,906
06/10/2023,68,36,67,67,46,40,114,84,295,232,665,613
07/10/2023,77,42,51,61,46,34,129,70,271,253,569,492
08/10/2023,58,34,53,65,69,62,139,92,260,223,529,473
09/10/2023,73,43,82,75,57,55,153,131,330,273,983,722
10/10/2023,76,39,81,74,61,52,155,113,322,255,709,631
11/10/2023,69,35,84,73,47,39,164,130,318,222,712,651
12/10/2023,60,32,79,62,38,35,146,141,379,338,666,619
13/10/2023,54,28,78,78,28,24,123,136,318,289,611,709
14/10/2023,59,21,64,60,38,44,112,109,259,227,531,495
15/10/2023,47,10,67,66,43,37,112,177,254,200,521,472
16/10/2023,64,36,96,75,44,46,150,354,343,283,770,920
17/10/2023,65,44,83,81,49,37,147,208,362,333,678,665
18/10/2023,68,20,86,81,47,40,130,231,325,277,593,601
19/10/2023,66,30,67,70,42,26,139,164,352,316,678,661
20/10/2023,69,35,103,97,48,40,149,189,366,295,812,1236
21/10/2023,51,31,107,114,63,52,143,202,351,343,785,988
22/10/2023,49,21,101,107,72,43,108,97,330,319,763,959
23/10/2023,71,48,107,107,81,43,202,342,495,464,1235,1734
24/10/2023,85,44,114,99,76,75,252,437,570,490,1335,2039
25/10/2023,57,28,95,76,64,54,202,262,433,355,980,1209
26/10/2023,64,27,85,64,63,44,170,185,378,265,889,1227
27/10/2023,63,33,54,46,59,50,123,159,301,239,1153,1227
28/10/2023,47,23,78,59,93,83,112,90,308,218,1267,1201
29/10/2023,47,18,68,46,61,51,112,123,266,224,1063,1042
30/10/2023,46,24,80,52,63,55,134,228,323,259,975,1118
31/10/2023,65,31,86,67,70,62,136,232,307,238,878,1010
01/11/2023,62,33,74,65,80,57,150,240,378,294,1235,1626
02/11/2023,81,49,87,75,60,55,191,207,481,429,1094,1164
03/11/2023,60,21,70,65,84,92,141,165,364,321,882,1066
04/11/2023,48,25,76,77,93,108,76,89,366,263,1048,1032
05/11/2023,50,43,83,73,100,131,211,98,426,378,1253,952
06/11/2023,60,40,86,62,93,105,242,126,404,287,838,807
07/11/2023,66,35,73,48,101,61,185,140,367,273,637,671
08/11/2023,56,28,85,85,108,99,171,138,353,321,730,756
09/11/2023,94,45,123,111,89,73,137,115,512,459,1009,1347
10/11/2023,62,24,106,103,110,93,106,119,469,346,861,954
11/11/2023,61,29,83,69,123,121,134,133,412,361,867,859
12/11/2023,59,25,73,52,107,114,120,77,371,240,936,943
13/11/2023,49,24,90,57,97,74,95,75,362,267,1054,1256
14/11/2023,63,29,71,62,112,98,135,143,433,338,1054,1298
15/11/2023,66,32,89,69,107,90,131,105,425,368,1017,1153
16/11/2023,83,74,97,95,127,107,104,58,371,310,947,1147
17/11/2023,64,28,81,64,89,66,124,67,378,305,1085,1378
18/11/2023,49,26,66,51,86,65,112,92,320,266,902,1143
19/11/2023,56,40,63,39,97,84,115,51,298,300,823,1120
20/11/2023,48,15,73,54,81,66,102,103,361,261,916,928
21/11/2023,42,25,82,60,85,50,111,74,331,224,943,1236
22/11/2023,66,24,91,94,82,52,80,37,408,318,985,1422
23/11/2023,66,28,72,63,72,55,104,64,340,261,832,826
24/11/2023,57,26,77,56,84,70,113,67,358,305,918,938
25/11/2023,41,16,59,56,84,62,120,83,279,198,842,708
26/11/2023,43,26,67,53,75,64,197,98,306,224,779,830
27/11/2023,49,26,70,55,72,62,137,83,302,247,881,1145
28/11/2023,43,24,79,52,86,68,108,54,261,201,822,802
29/11/2023,48,17,65,66,67,65,157,65,270,206,817,927
30/11/2023,48,23,64,42,79,75,146,80,276,190,800,748
01/12/2023,43,15,73,65,89,77,129,107,351,254,1048,1043
02/12/2023,48,12,69,60,92,68,144,49,411,372,1071,1259
03/12/2023,48,17,64,43,136,110,152,84,403,308,998,1090
04/12/2023,68,24,125,77,97,76,106,69,479,385,1310,1580
05/12/2023,65,19,96,90,102,81,106,81,405,292,1083,1353
06/12/2023,60,22,88,54,83,61,109,55,384,276,978,1124
07/12/2023,67,30,103,79,89,67,76,29,462,320,1060,1281
08/12/2023,71,26,106,77,83,65,68,23,444,311,1088,1194
09/12/2023,63,27,91,86,86,57,93,47,416,305,1007,941
10/12/2023,72,23,81,88,117,83,120,39,325,183,941,971
11/12/2023,75,42,120,123,108,118,109,45,524,389,1427,1532
12/12/2023,40,39,81,67,81,69,119,63,350,271,1017,1184
13/12/2023,69,33,78,65,65,58,140,86,347,289,996,1067
14/12/2023,49,24,68,61,57,54,131,91,317,200,933,1030
15/12/2023,45,27,60,80,52,56,139,66,262,180,681,628
16/12/2023,31,24,55,52,74,47,109,39,238,140,739,711
17/12/2023,51,24,67,40,75,57,116,56,317,189,826,780
18/12/2023,52,25,79,58,84,92,132,66,321,234,1036,1026
19/12/2023,48,29,69,38,79,64,166,90,311,220,958,931
20/12/2023,50,32,75,51,89,82,149,70,326,237,890,833
21/12/2023,62,31,93,59,103,90,134,73,413,288,1039,884
22/12/2023,67,26,83,53,84,67,102,56,441,293,1231,1125
23/12/2023,66,28,58,53,93,67,128,65,354,272,964,885
24/12/2023,48,28,66,45,62,91,143,64,329,262,865,791
25/12/2023,68,23,76,47,108,112,191,120,334,233,805,608
26/12/2023,59,33,86,67,89,77,142,69,405,315,980,1014
27/12/2023,67,26,82,70,115,86,118,86,468,413,1132,1068
28/12/2023,71,43,91,65,85,75,100,59,516,450,1207,1212
29/12/2023,52,29,85,50,71,57,97,40,441,413,1002,1065
30/12/2023,47,24,81,43,84,52,85,30,499,436,783,931
31/12/2023,63,29,63,35,74,69,162,95,557,505,811,726
01/01/2024,53,17,64,48,113,81,152,91,594,512,919,910
02/01/2024,75,33,112,106,143,114,157,122,545,501,1395,1461
03/01/2024,75,40,118,149,114,100,201,137,584,535,1450,1587
04/01/2024,54,38,106,91,107,95,155,149,510,449,1194,1222
05/01/2024,60,38,91,78,84,81,127,85,515,484,972,1011
06/01/2024,50,34,78,52,87,74,78,41,391,329,1008,952
07/01/2024,32,19,52,43,117,93,90,60,319,259,880,1071
08/01/2024,73,40,101,83,107,70,97,71,538,510,1770,2108
09/01/2024,83,53,103,85,134,98,105,45,511,529,1168,1435
10/01/2024,61,34,83,92,175,121,99,68,554,612,1451,1865
11/01/2024,78,33,127,113,108,77,108,64,735,709,1730,1894
12/01/2024,72,43,113,86,119,88,123,46,555,513,1384,1611
13/01/2024,48,21,85,58,73,80,109,37,431,356,992,1027
14/01/2024,43,20,61,44,103,74,143,115,325,235,903,881
15/01/2024,55,33,83,76,79,60,196,172,413,329,992,1038
16/01/2024,46,18,77,56,76,47,139,92,341,228,978,974
17/01/2024,36,21,73,44,99,83,90,48,296,219,956,896
18/01/2024,42,25,73,52,85,59,99,70,369,262,1102,1074
19/01/2024,52,15,92,63,76,69,80,41,409,283,1057,1060
20/01/2024,57,24,76,47,93,58,102,51,328,281,900,960
21/01/2024,46,11,92,77,110,80,88,50,352,259,860,1200
22/01/2024,71,35,102,67,154,128,116,84,584,512,1319,1457
23/01/2024,97,54,163,134,74,116,83,61,774,705,1664,1761
24/01/2024,72,42,83,62,75,54,98,65,434,367,1033,1118
25/01/2024,49,28,61,44,80,80,106,54,336,305,863,1011
26/01/2024,37,16,76,40,73,50,70,34,387,354,965,1200
27/01/2024,42,23,57,45,74,54,74,24,313,330,763,1193
28/01/2024,48,19,55,29,73,53,90,62,320,298,860,1615
29/01/2024,48,17,83,56,88,79,85,52,407,389,989,1577
30/01/2024,49,20,63,35,63,48,87,36,365,291,1036,1458
31/01/2024,35,18,76,63,83,67,77,47,382,300,999,1655
01/02/2024,41,30,69,52,74,69,102,57,365,243,1072,1460
02/02/2024,49,21,96,70,64,54,92,84,426,371,952,1475
03/02/2024,53,23,58,50,68,43,110,89,316,266,922,1171
04/02/2024,38,27,57,38,63,50,114,77,304,266,846,1290
05/02/2024,66,36,86,84,73,58,143,90,371,265,874,1427
06/02/2024,50,21,91,65,95,90,145,124,320,224,994,1457
07/02/2024,40,18,64,61,86,91,125,80,312,224,1359,1984
08/02/2024,39,17,57,34,85,93,123,65,352,236,1380,1745
09/02/2024,50,23,80,65,71,76,97,31,342,231,1048,1223
10/02/2024,41,21,75,50,77,62,104,71,343,213,907,1266
11/02/2024,53,29,69,46,77,96,113,52,423,335,1030,1533
12/02/2024,61,34,85,63,98,119,130,61,432,348,1282,1655
13/02/2024,49,28,93,71,87,83,128,57,474,387,1317,1671
14/02/2024,76,25,106,86,91,60,81,62,511,430,1387,1793
15/02/2024,69,45,100,85,79,56,75,37,508,410,1375,1866
16/02/2024,62,36,112,75,71,69,111,47,490,329,1105,1426
17/02/2024,44,32,71,54,77,81,113,87,392,324,967,981
18/02/2024,45,12,78,58,81,73,123,104,346,296,915,896
19/02/2024,54,28,83,52,90,60,165,110,492,373,1392,1413
20/02/2024,43,16,94,67,78,63,183,135,461,345,1276,1553
21/02/2024,46,17,112,81,191,190,157,103,433,297,1236,1647
22/02/2024,50,19,68,48,374,382,125,59,393,271,1062,1272
23/02/2024,54,30,70,42,269,284,105,47,360,235,984,1103
24/02/2024,56,16,103,79,255,256,89,64,386,270,996,1336
25/02/2024,51,27,86,78,207,195,141,87,418,297,1205,1408
26/02/2024,65,33,115,77,157,142,151,167,524,370,1393,1607
27/02/2024,63,44,133,90,180,235,138,104,630,452,1480,1642
28/02/2024,64,41,126,97,158,164,127,56,649,485,2088,2527
29/02/2024,72,29,123,94,149,151,140,77,620,410,1569,1714
01/03/2024,65,29,82,59,174,198,123,37,476,341,1240,1384
02/03/2024,51,15,79,59,170,175,105,60,450,332,1101,1198
03/03/2024,57,20,90,62,168,158,190,128,383,256,1146,1218
04/03/2024,64,28,102,62,184,180,177,136,526,345,1618,1907
05/03/2024,87,56,156,131,156,161,142,98,646,440,2002,2595
06/03/2024,76,30,111,92,123,122,129,81,577,356,1665,1901
07/03/2024,57,25,102,60,144,124,154,108,521,303,1391,1426
08/03/2024,59,38,110,69,129,131,126,70,563,422,1407,1382
09/03/2024,71,37,89,64,157,149,149,112,433,265,1173,948
10/03/2024,56,32,88,61,141,118,142,64,460,341,1268,1369
11/03/2024,64,42,131,98,131,121,163,132,612,491,1828,1978
12/03/2024,74,36,124,84,136,143,162,112,545,421,1515,1516
13/03/2024,55,30,102,61,173,153,118,57,529,452,1532,1775
14/03/2024,70,30,101,80,246,235,103,66,596,389,1977,2242
15/03/2024,71,28,130,96,223,209,91,51,703,568,2353,2686
16/03/2024,51,20,113,83,236,220,127,73,586,475,1870,2051
17/03/2024,62,35,93,73,185,189,127,52,657,557,1832,2128
18/03/2024,53,23,103,68,265,271,96,62,512,362,1615,1946
19/03/2024,81,41,156,116,229,236,94,43,940,835,3456,3420
20/03/2024,68,52,116,94,193,182,90,64,775,733,2449,3657
21/03/2024,51,36,98,70,144,140,94,53,521,419,1847,2500
22/03/2024,50,23,88,57,112,94,89,36,508,420,1733,1783
23/03/2024,46,23,67,57,140,112,116,63,440,353,1445,1552
24/03/2024,37,20,70,51,176,158,119,53,405,337,1502,1558
25/03/2024,64,37,104,78,149,119,121,76,545,479,2029,2627
26/03/2024,54,30,95,80,280,326,98,62,437,338,1962,2125
27/03/2024,35,22,89,53,386,384,97,56,434,330,2018,2044
28/03/2024,36,20,88,50,453,510,102,54,427,324,1836,2051
29/03/2024,39,16,80,51,442,475,89,31,432,302,1595,1737
30/03/2024,31,11,71,40,451,450,95,55,416,288,1457,1681
31/03/2024,42,14,77,55,409,394,114,54,446,351,1690,1797
01/04/2024,39,14,82,70,346,328,93,45,513,351,1879,1817
02/04/2024,54,32,133,111,247,211,84,66,706,550,2363,2367
03/04/2024,49,30,103,75,290,300,90,49,488,369,1758,1742
04/04/2024,43,25,59,55,332,328,131,67,476,379,1744,2322
05/04/2024,39,9,66,48,374,361,153,109,477,379,1663,1988
06/04/2024,42,14,68,54,405,392,179,115,397,304,1389,1519
07/04/2024,31,10,64,44,418,397,129,62,404,357,1467,2123
08/04/2024,51,13,112,85,384,380,131,91,557,423,2100,2898
09/04/2024,36,17,66,43,360,356,144,74,490,346,2313,2787
10/04/2024,42,11,93,56,353,331,114,71,488,308,1741,2476
11/04/2024,38,14,72,50,496,428,132,65,408,261,1710,3995
12/04/2024,48,13,124,104,637,617,104,32,731,505,2697,3445
13/04/2024,126,99,173,129,651,635,136,49,1071,884,3499,3974
14/04/2024,186,151,132,113,659,640,105,45,1030,977,2537,3644
15/04/2024,126,99,107,92,604,592,103,41,687,603,2144,3130
16/04/2024,226,190,105,78,538,514,89,53,645,517,1937,2841
17/04/2024,123,98,81,51,539,532,78,43,633,649,1985,2841
18/04/2024,136,105,95,72,545,535,99,43,574,512,1689,2381
19/04/2024,180,166,90,67,601,568,96,26,642,604,1806,2367
20/04/2024,204,175,69,59,759,746,110,39,396,333,1435,1851
21/04/2024,181,161,73,62,1935,1931,100,42,397,376,1404,1942
22/04/2024,155,131,75,53,785,771,135,91,535,434,2167,2279
23/04/2024,112,89,83,57,650,643,161,121,443,384,1548,1910
24/04/2024,112,94,80,65,707,727,85,69,458,495,1702,2367
25/04/2024,155,133,66,55,794,801,105,84,412,354,1825,2541
26/04/2024,191,171,78,56,836,831,67,24,447,416,1569,2672
27/04/2024,210,172,65,48,804,873,65,20,477,380,1408,1676
28/04/2024,110,87,67,54,732,745,108,65,410,365,2201,2608
29/04/2024,76,48,80,41,708,692,113,49,461,411,2292,2678
30/04/2024,77,46,116,96,867,886,105,52,676,696,2207,2601
01/05/2024,122,83,164,137,758,740,100,62,991,969,2541,2862
02/05/2024,77,58,149,121,694,700,100,28,523,448,1501,1936
03/05/2024,78,64,113,87,832,812,87,43,536,514,1607,1975
04/05/2024,43,20,63,51,851,841,121,42,427,315,1461,1688
05/05/2024,40,20,84,76,931,924,100,55,355,342,1389,1622
06/05/2024,56,39,94,77,874,859,104,37,521,530,1629,1896
07/05/2024,62,20,99,84,1104,1098,124,71,536,568,1518,1654
08/05/2024,52,22,113,107,1566,1568,116,57,513,575,1594,1932
09/05/2024,32,27,114,111,1253,1246,119,82,550,478,1565,1980
10/05/2024,35,19,112,98,112,99,109,40,468,458,1737,3274
11/05/2024,46,15,85,54,97,135,106,24,438,347,1251,1541
12/05/2024,43,43,77,73,99,103,131,83,363,362,1144,1497
13/05/2024,49,31,138,134,126,133,161,152,488,422,1572,1945
14/05/2024,25,14,84,73,180,147,140,79,514,427,1442,1828
15/05/2024,53,30,147,108,140,118,137,169,625,731,1790,2652
16/05/2024,52,13,119,97,155,134,97,91,610,566,2010,2424
17/05/2024,50,25,124,107,122,103,96,43,623,655,1859,2826
18/05/2024,54,14,117,109,139,119,101,93,495,438,1284,2229
19/05/2024,41,15,100,68,183,196,78,49,442,459,1196,1947
20/05/2024,51,30,143,112,202,164,72,36,704,664,2427,4293
21/05/2024,68,33,143,92,180,146,95,81,931,759,3125,4535
22/05/2024,52,27,104,75,167,131,71,58,651,551,2266,3338
23/05/2024,55,41,96,68,152,114,67,76,827,719,2567,3602
24/05/2024,49,42,101,80,109,94,65,33,711,720,2063,2710
25/05/2024,42,30,99,72,154,146,56,23,517,474,1482,1880
26/05/2024,41,11,74,58,141,115,64,30,516,417,1644,2196
27/05/2024,54,25,105,90,164,156,72,29,594,493,2136,2854
28/05/2024,32,19,84,58,169,164,77,53,502,335,1961,2726
29/05/2024,37,18,78,39,178,191,68,38,519,464,1820,2801
30/05/2024,42,20,89,61,145,128,65,34,471,347,1781,2414
31/05/2024,42,26,68,44,126,119,70,30,522,355,1641,2279
01/06/2024,35,15,72,58,141,125,64,25,413,306,1333,1806
02/06/2024,25,12,70,54,155,138,87,22,389,288,1556,1997
03/06/2024,36,18,71,44,147,135,100,78,477,344,1706,2196
04/06/2024,47,17,82,64,161,154,67,43,579,597,1728,2248
05/06/2024,35,18,84,59,158,174,67,37,551,441,1910,3340
06/06/2024,38,15,85,57,156,192,87,54,481,360,1847,2505
07/06/2024,36,24,81,68,178,192,73,37,600,473,2054,2805
08/06/2024,30,13,73,44,166,132,98,65,480,455,1464,2475
09/06/2024,37,16,76,51,155,144,89,34,435,452,1326,2485
10/06/2024,37,21,104,85,163,199,83,48,487,445,1539,2525
11/06/2024,35,19,137,101,203,237,80,66,835,861,2678,3417
12/06/2024,23,18,91,79,226,263,68,40,567,464,1980,3154
13/06/2024,37,27,86,63,199,231,92,64,591,505,2786,4836
14/06/2024,38,24,82,66,180,218,122,52,767,757,4708,5090
15/06/2024,48,20,69,59,158,137,131,72,514,412,3433,3936
16/06/2024,41,15,87,70,180,142,158,149,560,518,2570,2990
17/06/2024,44,15,101,96,223,202,112,95,624,578,2688,2855
18/06/2024,49,15,87,80,148,173,103,68,776,645,3170,3584
19/06/2024,33,27,77,68,123,201,78,85,617,591,2244,2626
20/06/2024,30,14,76,55,176,167,78,57,538,341,2036,2251
21/06/2024,50,22,87,62,136,168,136,79,563,455,3009,3512
22/06/2024,69,18,80,64,146,127,98,73,591,561,2222,2748
23/06/2024,50,14,76,63,217,227,102,53,565,488,2115,2792
24/06/2024,75,34,168,114,187,220,73,34,1124,1033,3324,4694
25/06/2024,41,22,86,89,142,166,72,59,710,637,2384,3175
26/06/2024,48,19,96,75,4456,4828,116,106,661,940,2079,2635
27/06/2024,23,14,98,103,2788,2907,189,219,570,530,2271,2714
28/06/2024,42,21,98,86,1128,1012,109,109,633,582,2244,2982
29/06/2024,53,9,98,104,915,861,105,77,535,502,1720,2729
30/06/2024,47,22,101,87,1003,1108,100,106,587,484,1932,3162
01/07/2024,40,40,94,138,872,921,88,90,607,561,2109,2754
02/07/2024,32,17,72,70,918,1015,70,65,598,500,2367,3093
03/07/2024,44,20,118,82,909,968,88,82,733,617,2643,3458
04/07/2024,90,51,171,144,982,971,63,139,1249,1189,4461,5236
05/07/2024,134,43,260,269,734,773,79,79,2055,1857,5978,6726
06/07/2024,66,21,113,112,571,588,67,183,695,801,2364,3553
07/07/2024,90,29,110,104,543,583,92,178,641,687,1994,2687
08/07/2024,43,14,118,122,595,604,73,135,870,970,2724,3594
09/07/2024,52,16,97,80,592,732,57,85,689,612,2445,4576
10/07/2024,24,10,114,134,248,432,51,60,627,620,2082,3459
11/07/2024,21,8,97,75,411,790,82,165,576,553,2186,3774
12/07/2024,31,13,141,126,330,545,66,149,707,885,1953,4109
13/07/2024,50,28,100,97,275,476,71,169,526,534,1947,3110
14/07/2024,29,25,90,104,543,797,81,134,524,584,2254,4243
15/07/2024,44,30,147,163,1690,2301,77,295,820,898,2880,5594
16/07/2024,42,29,112,78,3382,3753,73,113,725,624,2540,5916
17/07/2024,39,22,111,91,2857,3816,79,157,581,453,2625,6642
18/07/2024,37,30,103,94,5177,5989,84,112,489,442,2375,6100
19/07/2024,42,26,116,108,2937,3584,73,89,641,532,3460,7223
20/07/2024,55,28,102,88,2312,3234,86,87,573,497,2731,5189
21/07/2024,46,23,92,74,1599,2198,105,171,536,449,2891,5985
22/07/2024,41,16,109,82,330,428,67,112,631,645,2701,4435
23/07/2024,42,24,92,96,315,501,69,92,647,658,2305,4217
24/07/2024,49,49,97,75,387,515,76,101,628,637,2465,3344
25/07/2024,60,39,148,129,388,684,96,124,1020,1073,3232,4255
26/07/2024,47,24,120,149,340,411,124,186,795,822,2370,3137
27/07/2024,51,39,100,91,317,360,175,203,553,602,2209,3022
28/07/2024,59,22,111,69,438,491,385,462,496,548,2169,2632
29/07/2024,65,17,175,130,499,661,148,218,785,785,2638,3547
30/07/2024,44,26,107,73,619,714,131,210,578,510,2351,3276
31/07/2024,35,31,115,82,512,609,110,192,638,523,2433,3463
01/08/2024,39,23,130,80,411,595,78,129,808,730,2881,3846
02/08/2024,47,25,148,107,372,449,87,92,1056,1046,2795,4122
03/08/2024,83,39,142,143,448,489,72,86,1156,1258,2988,3464
04/08/2024,159,42,252,254,843,1056,80,132,1676,1510,4279,4683
05/08/2024,225,67,468,494,283,327,77,96,4609,4471,8907,11375
06/08/2024,79,28,165,154,389,466,76,81,1731,1235,3002,3983
07/08/2024,82,23,150,134,315,378,78,116,1088,1206,3331,3267
08/08/2024,69,35,147,146,273,271,97,119,895,1089,3720,5771
09/08/2024,51,17,145,133,230,213,69,62,753,872,3038,4573
10/08/2024,109,10,111,93,226,269,81,79,573,610,2122,2638
11/08/2024,85,17,114,94,265,313,64,53,698,797,2159,3033
12/08/2024,30,9,82,55,337,335,77,101,751,729,2351,3624
13/08/2024,47,9,82,83,347,363,86,76,727,803,2176,3114
14/08/2024,49,15,99,95,311,354,71,81,717,668,2348,3824
15/08/2024,33,9,93,112,316,356,100,111,711,707,2294,3199
16/08/2024,51,7,88,89,241,254,84,122,709,708,1933,2955
17/08/2024,64,8,105,103,245,223,81,66,521,516,1566,2110
18/08/2024,40,14,88,89,225,231,89,78,543,524,1611,3070
19/08/2024,48,19,85,71,345,367,104,130,636,662,1718,5330
20/08/2024,61,15,116,96,299,334,102,218,677,851,1901,2949
21/08/2024,60,14,105,106,244,194,75,106,711,840,1965,3032
22/08/2024,52,13,124,119,264,250,78,150,688,724,1846,2389
23/08/2024,59,24,109,104,274,204,91,61,924,1127,2188,3429
24/08/2024,49,12,86,69,227,247,76,169,707,934,1923,2692
25/08/2024,56,19,80,67,240,239,80,117,680,978,1567,2487
26/08/2024,53,19,96,85,376,457,101,118,730,707,1839,2672
27/08/2024,72,27,129,131,269,263,118,132,952,1079,2319,4236
28/08/2024,67,30,121,130,208,270,90,149,906,1227,2064,4266
29/08/2024,48,18,107,93,210,210,162,715,715,689,1698,4807
30/08/2024,45,12,102,84,162,168,78,282,777,841,1675,4091
31/08/2024,94,29,89,67,263,266,90,107,532,453,1958,2476
01/09/2024,112,20,102,79,323,352,67,87,685,777,1548,2506
02/09/2024,66,19,104,84,308,299,65,42,686,611,1577,2263
03/09/2024,38,14,137,122,325,259,88,92,781,860,1520,2197
04/09/2024,45,18,130,121,212,235,69,96,982,1081,2156,2863
05/09/2024,39,14,107,86,298,294,82,94,724,694,1877,2402
06/09/2024,111,24,183,137,233,226,52,51,1652,1491,3077,4644
07/09/2024,41,15,105,105,165,151,71,104,754,848,1547,2318
08/09/2024,33,8,84,110,190,185,94,298,585,610,1280,1899
09/09/2024,22,14,97,92,292,267,83,154,758,845,1556,2384
10/09/2024,29,12,87,78,194,176,68,136,630,617,1298,2122
11/09/2024,22,15,89,87,189,209,75,96,631,694,1385,3501
12/09/2024,28,6,61,63,182,157,79,65,685,645,1441,3223
13/09/2024,34,19,96,117,148,158,34,24,717,780,1620,3606
14/09/2024,35,12,86,92,159,166,44,25,581,563,1249,2139
15/09/2024,36,10,84,88,174,147,55,32,606,567,1326,2252
16/09/2024,28,9,92,63,286,251,66,41,684,657,1457,2455
17/09/2024,24,11,79,59,163,138,65,55,614,596,1402,3810
18/09/2024,31,18,103,88,183,150,51,22,684,652,1519,2689
19/09/2024,23,11,107,94,218,163,75,48,656,597,2008,3478
20/09/2024,21,8,103,91,182,132,54,23,684,580,1874,3141
21/09/2024,23,9,73,50,162,129,64,39,480,323,1511,2256
22/09/2024,16,3,66,71,205,198,69,69,488,361,1497,2425
23/09/2024,18,10,100,82,258,303,81,138,683,558,1936,3508
24/09/2024,23,13,87,78,198,183,70,92,571,413,1634,2799
25/09/2024,16,5,84,63,244,205,70,100,601,451,1581,2631
26/09/2024,23,14,97,76,268,249,71,52,630,524,1880,4121
27/09/2024,29,7,111,128,203,208,46,12,816,621,2084,3132
28/09/2024,24,10,110,102,172,159,37,17,601,488,1456,1988
29/09/2024,25,8,85,63,252,231,61,61,570,406,1380,1620
30/09/2024,24,13,122,102,353,339,46,69,677,589,1742,2196
01/10/2024,40,23,113,96,240,263,50,51,843,654,2313,3191
02/10/2024,34,16,98,75,227,231,64,109,850,766,2099,3055
03/10/2024,25,11,118,93,180,182,46,39,866,709,1911,2382
04/10/2024,35,43,98,77,154,120,36,43,674,552,1445,2171
05/10/2024,23,6,74,68,134,142,41,22,451,402,1077,1236
06/10/2024,22,6,71,57,172,150,68,85,420,365,1129,1323
07/10/2024,17,6,85,69,175,124,64,40,533,445,1516,1974
08/10/2024,18,8,89,81,182,167,38,22,472,365,1328,1711
09/10/2024,26,10,110,107,200,230,42,20,582,442,1552,1980
10/10/2024,25,15,99,95,178,184,48,23,668,544,1701,2386
11/10/2024,29,26,66,63,190,176,39,17,526,367,1466,2287
12/10/2024,24,16,44,39,152,146,45,22,420,332,1286,2139
13/10/2024,14,4,55,42,243,225,69,56,398,285,1220,2246
14/10/2024,26,7,86,64,311,330,57,50,667,513,2248,3799
15/10/2024,36,16,106,76,222,202,67,84,682,499,1914,2743
16/10/2024,29,12,113,95,169,159,59,46,670,482,1788,2345
17/10/2024,14,8,90,61,257,295,69,188,557,348,1404,1663
18/10/2024,16,4,79,43,188,180,65,74,530,366,1542,2603
19/10/2024,26,5,68,54,210,177,59,38,519,386,1196,1827
20/10/2024,24,13,66,38,284,315,73,62,575,541,1730,3050
21/10/2024,28,10,102,50,341,358,102,82,744,635,1967,3135
22/10/2024,27,7,120,100,224,276,64,65,644,539,2265,3044
23/10/2024,22,5,102,80,188,290,65,57,736,600,2070,3020
24/10/2024,31,8,113,84,200,250,74,94,765,637,2035,3300
25/10/2024,39,31,112,85,202,222,51,19,861,730,1908,3312
26/10/2024,31,38,116,106,201,217,74,180,654,473,1944,4134
27/10/2024,18,9,72,59,161,188,94,269,577,444,1744,2301
28/10/2024,37,15,108,68,376,432,76,312,718,520,1717,2495
29/10/2024,45,21,157,144,282,371,122,185,952,879,2400,4755
30/10/2024,31,28,114,93,249,306,101,81,718,568,1925,3844
31/10/2024,26,12,153,122,220,233,93,50,793,630,2053,3032
01/11/2024,23,12,154,130,164,158,89,47,786,615,1869,2808
02/11/2024,35,12,113,96,240,299,127,67,627,507,1452,1900
03/11/2024,42,11,129,112,233,289,138,81,821,720,2077,2662
04/11/2024,42,11,120,84,226,206,101,87,934,721,2091,2865
05/11/2024,26,6,131,106,323,464,66,45,910,802,1882,2430
06/11/2024,36,28,160,156,376,443,74,63,1229,1306,3330,6184
07/11/2024,43,18,177,154,311,346,71,69,1216,1012,3565,5198
08/11/2024,51,21,165,155,315,422,72,46,1114,929,2798,3617
09/11/2024,42,46,173,148,403,561,87,80,1011,885,3005,4123
10/11/2024,56,24,196,188,428,606,63,79,1198,1019,3819,5113
11/11/2024,68,52,194,150,427,662,67,67,1293,1038,4120,6028
12/11/2024,44,15,188,147,329,434,65,92,1250,933,3563,4812
13/11/2024,43,18,152,121,280,385,92,124,854,652,3050,4684
14/11/2024,40,17,122,84,265,327,88,80,956,681,2665,3577
15/11/2024,33,4,124,82,268,281,85,94,899,687,2502,3311
16/11/2024,33,18,121,90,215,248,87,71,802,606,2134,2577
17/11/2024,32,9,123,98,214,741,75,105,785,609,2072,2613
18/11/2024,32,9,129,73,216,380,81,86,890,675,2446,4308
19/11/2024,31,8,133,87,334,353,72,143,984,717,2294,3234
20/11/2024,35,8,169,127,389,439,73,124,1027,944,3032,3789
21/11/2024,60,21,184,169,307,423,82,69,1353,1266,4300,5908
22/11/2024,44,24,170,192,312,357,93,54,1143,1053,2965,3606
23/11/2024,54,22,157,140,264,348,59,34,1062,885,3270,3990
24/11/2024,53,20,122,100,300,319,81,51,968,740,2587,3293
25/11/2024,38,16,158,130,295,350,74,34,1164,934,3355,4303
26/11/2024,38,16,150,139,303,357,71,50,1211,1041,3040,3694
27/11/2024,49,38,169,137,271,278,93,91,1109,906,3750,5326
28/11/2024,41,24,133,110,267,309,83,72,1043,730,2745,3013
29/11/2024,47,10,148,99,325,442,83,49,1045,973,2641,3387
30/11/2024,31,10,163,122,290,354,87,55,1076,814,3120,3875
01/12/2024,38,10,107,77,300,369,52,67,964,697,2927,3087
02/12/2024,29,10,135,101,308,398,57,48,1243,1168,3468,4709
03/12/2024,36,16,151,144,424,565,54,62,1266,962,3483,4151
04/12/2024,44,13,155,113,396,445,68,40,1287,1000,4855,6704
05/12/2024,50,21,212,176,424,574,50,37,1535,1278,5030,6608
06/12/2024,53,25,189,142,305,401,51,44,1430,1247,4844,6194
07/12/2024,52,11,132,101,270,429,70,83,1114,736,2935,3129
08/12/2024,42,13,128,88,348,403,71,45,1114,875,2657,2939
09/12/2024,36,21,160,147,388,445,67,35,1237,956,3784,5032
10/12/2024,41,51,172,148,295,334,74,63,1268,934,3889,5129
11/12/2024,35,43,172,165,292,295,66,99,1135,960,3180,3848
12/12/2024,39,23,154,143,288,360,77,97,1216,999,3614,4653
13/12/2024,36,20,152,135,269,283,67,65,1027,768,2717,3221
14/12/2024,33,15,113,87,238,275,49,69,1012,802,2666,3014
15/12/2024,44,20,129,108,329,377,58,76,1004,870,2587,3097
16/12/2024,39,26,151,104,280,299,77,64,1239,1150,3710,4618
17/12/2024,37,20,157,118,334,409,49,15,1098,779,3167,3720
18/12/2024,41,34,179,146,496,551,56,26,1216,908,3555,4573
19/12/2024,58,64,217,196,541,659,57,30,1718,1412,4967,6633
20/12/2024,56,51,247,269,259,301,71,45,1998,1792,5268,7373
21/12/2024,34,23,122,135,252,263,59,38,1098,1038,2717,3122
22/12/2024,48,27,119,96,258,250,77,122,1053,971,2487,2817
23/12/2024,36,27,131,150,230,209,64,54,1152,1006,2786,3648
24/12/2024,48,22,133,126,189,173,34,34,956,841,2400,3008
25/12/2024,36,15,101,90,200,244,48,39,791,645,1781,1852
26/12/2024,30,6,120,93,201,179,51,68,936,863,2341,2722
27/12/2024,33,7,125,103,146,123,69,44,940,854,2241,2671
28/12/2024,41,18,114,119,199,189,57,53,859,737,2046,2613
29/12/2024,45,13,109,77,207,174,68,44,856,679,1876,2038
30/12/2024,41,29,138,137,208,168,58,77,1053,1450,2230,2800
31/12/2024,37,18,122,86,136,156,63,71,950,1474,1946,2237
,,,,,,,,,,,,
,,,,,,,,,,,,
,,,,,,,,,,,,
,,,,,,,,,,,,
,,,,,,,,,,,,
,,,,,,,,,,,,
,,,,,,,,,,,,
,,,,,,,,,,,,
,,,,,,,,,,,,
,,,,,,,,,,,,
,,,,,,,,,,,,
,,,,,,,,,,,,
